station_code,station_name
MJ,MARWAR JN
FLD,PHULAD
KBK,KHAMIL GHAT
MJMG,TO MARWAR JN
DR,DADAR
KYN,KALYAN JN
NK,NASHIK ROAD
BSL,BHUSAVAL JN
HD,HARDA
ET,ITARSI JN
RKMP,RANI KAMALAPATI
BINA,BINA JN
LAR,LALITPUR JN
TKMG,TIKAMGARH
KHGP,KHARGAPUR
MCSC,MCS CHHATARPUR
KURJ,KHAJURAHO
MBA,MAHOBA JN
BNDA,BANDA JN
CKTD,CHITRAKUTDHAM K
MKP,MANIKPUR
PRYJ,PRAYAGRAJ JN.
GYN,GYANPUR ROAD
BSBS,BANARAS
BSB,VARANASI JN
ARJ,AUNRIHAR JN
MAU,MAU JN
BTT,BHATNI JN
DEOS,DEORIA SADAR
GKP,GORAKHPUR JN
TNA,THANE
IGP,IGATPURI
NR,NIPHAD
LS,LASALGAON
MMR,MANMAD JN
NGN,NANDGAON
CSN,CHALISGAON JN
JMD,JAMDHA
SHF,SHIRUD
DHI,DHULE
LTT,LOKMANYATILAK T
MKU,MALKAPUR
AK,AKOLA JN
BD,BADNERA JN
DMN,DHAMANGAON
PLO,PULGAON JN
WR,WARDHA JN
HGT,HINGANGHAT
WRR,WARORA
CD,CHANDRAPUR
BPQ,BALHARSHAH
NGP,NAGPUR
SEG,SHEGAON
PNVL,PANVEL
ROHA,ROHA
MNI,MANGAON
KHED,KHED
CHI,CHIPLUN
SGR,SANGMESHWAR
RN,RATNAGIRI
RAJP,RAJAPUR ROAD
KKW,KANKAVALI
KUDL,KUDAL
THVM,THIVIM
KRMI,KARMALI
MAO,MADGAON
PUNE,PUNE JN
JJR,JEJURI
LNN,LONAND
STR,SATARA
KRD,KARAD
SLI,SANGLI
MRJ,MIRAJ JN
SUR,SOLAPUR JN
AKOR,AKALKOT ROAD
GUR,GANAGAPUR ROAD
KLBG,KALABURAGI
HMBD,HUMNABAD
BIDR,BIDAR
BHLK,BHALKI
UDGR,UDGIR
LTRR,LATUR ROAD JN
LUR,LATUR
UMD,USMANABAD
BTW,BARSI TOWN
KWV,KURDUVADI
DD,DAUND JN
WADI,WADI
YG,YADGIR
RC,RAICHUR JN
MALM,MANTHRALAYAM RD
AD,ADONI
GTL,GUNTAKAL JN
GY,GOOTY
TU,TADIPATRI
YA,YERRAGUNTLA JN
HX,CUDDAPAH JN
RJP,RAZAMPETA
RU,RENIGUNTA JN
TPTY,TIRUPATI
URI,URULI
KDG,KEDGAON
JNTR,JINTI ROAD
JEUR,JEUR
PRLI,PARLI VAIJNATH
PBN,PARBHANI JN
PAU,PURNA JN
BMF,BASMAT
HNL,HINGOLI DECCAN
WHM,WASHIM
MZR,MURTAJAPUR
AMI,AMRAVATI
HDP,HADAPSAR
KEM,KEM
HGL,HARANGUL
KAWR,KARWAR
CNO,CANCONA
NDPM,NARMADAPURAM
PPI,PIPARIYA
GAR,GADARWARA
NU,NARSINGHPUR
JBP,JABALPUR
KTE,KATNI
MYR,MAIHAR
STA,SATNA
PCOI,PRAYAGRAJCHEOKI
MZP,MIRZAPUR
DDU,DD UPADHYAYA JN
BXR,BUXAR
ARA,ARA JN
DNR,DANAPUR
PPTA,PATLIPUTRA
HJP,HAJIPUR JN
BJU,BARAUNI JN
BGS,BEGU SARAI
KGG,KHAGARIA JN
NNA,NAUGACHIA
KIR,KATIHAR JN
KNE,KISHANGANJ
NJP,NEW JALPAIGURI
NCB,NEW COOCH BEHAR
NBQ,NEW BONGAIGAON
RNY,RANGIYA JN
GHY,GUWAHATI
CPK,CHAPARMUKH JN
NHLG,NEW HAFLONG
BPB,BADARPUR JN
NKMG,NEW KARIMGANJ
DMR,DHARMANAGAR
KUGT,KUMARGHAT
ABSA,AMBASA
TLMR,TELIAMURA
AGTL,AGARTALA
CNB,KANPUR CENTRAL
ETW,ETAWAH JN
TDL,TUNDLA JN
AF,AGRA FORT
FTS,FATEHPUR SIKRI
RBS,RUPBAS
BXN,BAYANA JN
HAN,HINDAUN CITY
GGC,GANGAPUR CITY
KOTA,KOTA JN
RTM,RATLAM JN
CYI,CHHAYAPURI
ANND,ANAND JN
ND,NADIAD JN
ADI,AHMEDABAD JN
DDCC,DAUND CHORD LIN
ANG,AHMADNAGAR
KPG,KOPARGAON
KNW,KHANDWA
BPL,BHOPAL  JN
BHS,VIDISHA
VGLJ,V LAKSHMIBAIJHS
HWH,HOWRAH JN
DGR,DURGAPUR
ASN,ASANSOL JN
CRJ,CHITTARANJAN
JMT,JAMTARA
MDP,MADHUPUR JN
JSME,JASIDIH JN
JAJ,JHAJHA
JMU,JAMUI
LKR,LUCKEESARAI JN
HTZ,HATHIDAH JN
MKA,MOKAMEH JN
BARH,BARH
BKP,BAKHTIYARPUR JN
PNC,PATNA SAHEB
PNBE,PATNA JN
BAP,BELAPUR
MML,MADAN MAHAL
BDTS,BANDRA TERMINUS
BVI,BORIVALI
VAPI,VAPI
ST,SURAT
BRC,VADODARA JN
UJN,UJJAIN JN
SHRN,S HIRDARAMNAGAR
SGO,SAUGOR
DMO,DAMOH
KMZ,KATNI MURWARA
REWA,REWA
CSMT,C SHIVAJI MAH T
KT,KUMTA
BYNR,MOOKAMBIKA ROAD
KUDA,KUNDAPURA
UD,UDUPI
MULK,MULKI
MAJN,MANGALURU JN
KGQ,KASARAGOD
CAN,KANNUR
BDJ,VADAKARA
CLT,KOZHIKKODE
TIR,TIRUR
SRR,SHORANUR JN
PGT,PALAKKAD JN
CBE,COIMBATORE JN
KOAA,KOLKATA
BDC,BANDEL JN
NDAE,NABADWIP DHAM
KWAE,KATWA
AZ,AZIMGANJ JN
JRLE,JANGIPUR ROAD
MLDT,MALDA TOWN
NOQ,NEW ALIPURDUAR
KOJ,KOKRAJHAR
GLPT,GOALPARA TOWN
MYD,MANDERDISA
DJ,DARJEELING
KGN,KURSEONG
GHUM,GHUM
DJRZ,TO DARJEELING
MFP,MUZAFFARPUR JN
CPR,CHHAPRA
ASH,AISHBAGH
NDLS,NEW DELHI
DBG,DARBHANGA JN
SPJ,SAMASTIPUR JN
HYB,HYDERABAD DECAN
SC,SECUNDERABAD JN
KZJ,KAZIPET JN
PDPL,PEDDAPALLI JN
MCI,MANCHIRYAL
ORAI,ORAI
PHN,POKHRAYAN
LC,LUCKNOW CITY
GD,GONDA JN
BBK,BARABANKI JN
GTNR,GOMATI NAGAR
GDR,GUDUR JN
NLR,NELLORE
OGL,ONGOLE
BZA,VIJAYAWADA JN
GDV,GUDIVADA JN
KKLR,KAIKALUR
AKVD,AKIVIDU
BVRT,BHIMAVARAM TOWN
TNKU,TANUKU
NDD,NIDADAVOLU JN
RJY,RAJAHMUNDRY
SLO,SAMALKOT JN
ANV,ANNAVARAM
DVD,DUVVADA
VZM,VIZIANAGRAM JN
CHE,SRIKAKULAM ROAD
PSA,PALASA
BAM,BRAHMAPUR
BALU,BALUGAON
KUR,KHURDA ROAD JN
BBS,BHUBANESWAR
DHN,DHANBAD JN
BKSC,BOKARO STL CITY
MURI,MURI
RNC,RANCHI
HTE,HATIA
ROU,ROURKELA
JSG,JHARSUGUDA JN
SBPY,SAMBALPUR CITY
ANGL,ANGUL
TLHD,TALCHER ROAD
DNKL,DHENKANAL
CTC,CUTTACK
SRC,SANTRAGACHI JN
KGP,KHARAGPUR JN
BLS,BALASORE
BHC,BHADRAK
JJKR,JAJPUR K ROAD
PURI,PURI
CGR,CHANDAN NAGAR
CNS,CHUCHURA
BWN,BARDDHAMAN JN
TIT,TALIT
KAN,KHANA JN
JTL,JHAPATER DHAL
BPS,BANPAS
NRX,NOADAR DHAL
GKH,GUSKARA
PCQ,PICHKURIRDHAL
BDH,BHEDIA
BHP,BOLPUR S NIKTN
PNE,PRANTIK
KPLE,KOPAI
AMP,AHMADPUR JN
BSLE,BATASPUR
SNT,SAINTHIA
GHLE,GADADHARPUR
MLV,MALLARPUR
TPF,TARAPITH ROAD
RPH,RAMPUR HAT
LGL,LALGOLA
KRP,KRISHNAPUR
PRTL,PIRTALA
BQG,BHAGWANGOLA
SBNM,SUBARNAMRIGI
JJG,JIAGANJ
MBB,MURSHIDABAD
CSZ,COSSIMBAZAR
BPC,BERHAMPORE CRT
SGV,SARAGCHNI
BFT,BHABTA
BEB,BELDANGA
REJ,REJINAGAR
PLY,PLASSEY
PCX,PAGLA CHANDI
DEB,DEBAGRAM
SVH,SONADANGA
BTY,BETHUADAHARI
MGM,MURAGACHA
DHU,DHUBULIA
KNJ,KRISHNGR CTY JN
BDZ,BADKULLA
THP,TAHERPUR
BIJ,BIRNAGAR
RHA,RANAGHAT JN
PDX,PAYRADANGA
CDH,CHAKDAHA
SMX,SIMURALI
MPJ,MADANPUR
KYI,KALYANI
KPA,KANCHRAPARA
HLR,HALISAHAR
NH,NAIHATI JN
BP,BARRACKPORE
SEP,SODPUR
BLH,BELGHARIA
DDJ,DUM DUM
SDAH,SEALDAH
KLNP,KALINARYNPUR JN
BPD,BAHADURPUR
SRJN,SIRAJNAGAR  H
NBPH,NEW BALARAMPUR
SKZR,SIRPUR KAGAZNGR
BPA,BELLAMPALLI
RDM,RAMAGUNDAM
HIJ,HIJLI
MDN,MIDNAPORE
BQA,BANKURA
ADRA,ADRA JN
KIUL,KIUL JN
WL,WARANGAL
PER,PERAMBUR
KPD,KATPADI JN
JTJ,JOLARPETTAI
BWT,BANGARAPET
SMVB,SMVT BENGALURU
RGD,RAJGIR
NLD,NALANDA
BEHS,BIHAR SHARIF
HRT,HARNAUT
KWO,KARAUTA
KOO,KHUSROPUR
FUT,FATUHA JN
GZH,GULZARBAGH
RJPB,RAJENDRANAGAR T
TEA,TAREGNA
JHD,JEHANABAD
GAYA,GAYA JN
KQR,KODERMA JN
GMO,NSC BOSE J GOMO
BSP,BILASPUR JN
R,RAIPUR JN
DURG,DURG
G,GONDIA JN
BRR,BARAKAR
SBP,SAMBALPUR
BRGA,BARGARH ROAD
BLGR,BALANGIR
TIG,TITLAGARH
KSNG,KESINGA
MNGD,MUNIGUDA
RGDA,RAYAGADA
PVP,PARVATIPURAM
VBL,BOBBILI
KTV,KOTTAVALASA
EE,ELURU
SA,SALEM JN
ED,ERODE JN
ABKP,AMBIKAPUR
SJQ,SURAJPUR ROAD
BRH,BAIKUNTHPUR RD
BJRI,BIJURI
APR,ANUPPUR JN
SDL,SHAHDOL
UMR,UMARIA
GWL,GWALIOR
AGC,AGRA CANTT
MTJ,MATHURA JN
NZM,H NIZAMUDDIN
BUI,BALLIA
GCT,GHAZIPUR CITY
JNU,JAUNPUR JN
ANVT,ANAND VIHAR TRM
SFG,SUBEDARGANJ
FTP,FATEHPUR
SWM,SAWAI MADHOPUR
JYG,JAYNAGAR
SHG,SHAHGANJ JN
LKO,LUCKNOW NR
MB,MORADABAD
DLI,DELHI
UMB,AMBALA CANT JN
ASR,AMRITSAR JN
STP,SITAPUR
SRE,SAHARANPUR
SGNR,SHRI GANGANAGAR
SDS,SADULSHAHR
DPK,DHOLIPAL
HMH,HANUMANGARH JN
HMO,HANUMANGARHTOWN
TIBI,TIBI
ENB,ELLENABAD
NHR,NOHAR
GAMI,GOGAMERI
TSD,TAHSIL BHADRA
AUS,ANUPSHAHR
SDMK,SIDMUKH
SDLP,SADULPUR JN
RMB,RAMPURA BERI
LHU,LOHARU
SRGH,SURAJGARH
CRWA,CHIRAWA
RSH,RATAN SHAHR
JJN,JHUNJHUNUN
DOB,DUNDLOD MKDGRH
NWH,NAWALGARH
SIKR,SIKAR JN
RGS,RINGAS JN
COM,CHOMUN SAMOD
DKBJ,DAHAR KA BALAJI
JP,JAIPUR
BTI,BHATINDA JN
SGF,SANGAT
MBY,MANDI DABWALI
DABN,DHABAN
SGRA,SANGARIA
DBI,DABLI RATHAN
PGK,PILI BANGAN
SOG,SURATGARH JN
SRPR,SARUPSAR JN
SBNR,SHRI VIJAINAGAR
RMSR,RAMSINGHPUR
APH,ANUPGARH
MRT,MATHURA CANT
HTC,HATHRAS CITY
SKA,SIKANDRA RAO
KSJ,KASGANJ
SRNK,SORON
UJH,UJHANI
BEM,BUDAUN
BRY,BAREILLY
BC,BAREILLY CITY
IZN,IZZATNAGAR
BPR,BHOJIPURA JN
PBE,PILIBHIT JN
KHMA,KHATIMA
TPU,TANAKPUR
JEA,NAKAHA JUNGLE
MIM,MANIRAM
PJ,PEPPEGANJ
CM,CAMPIERGANJ
ANDN,ANAND NAGAR
BMJ,BRIDGMANGANJ
UB,USKA BAZAR
SDDN,SIDDHARTH NAGAR
CIH,CHILHIA
SOT,SHOHRATGARH
PRZ,PARSA
BNY,BARHNI
PPW,PACHPERWA
GIR,GAINSARI JN
TLR,TULSIPUR
KPE,KAUWAPUR
GAW,GAINJAHWA
JKNI,JHARKHANDI
BLP,BALRAMPUR
ITE,INTIYATHOK
SUBR,SUBHAGPUR
GADM,GANGA DHAM
BGAN,BANGAIN
BEU,BISHESHWARGANJ
PDR,PAYAGPUR
CLW,CHILWARIYA
BRK,BAHRAICH
ZN,JANGAON
KCG,KACHEGUDA
SHNR,SHADNAGAR
JCL,JADCHERLA
MBNR,MAHBUBNAGAR
GWD,GADWAL JN
KRNT,KURNOOL CITY
DHNE,DHONE
ATP,ANANTAPUR
DMM,DHARMAVARAM JN
YPR,YESVANTPUR JN
MJF,MALKAJGIRI
BST,BASTI
KLD,KHALILABAD
SMI,SITAMARHI
BGU,BAIRAGNIA
RXL,RAXAUL JN
NKE,NARKATIAGANJ JN
CPJ,KAPTANGANJ JN
SPN,SHAHJEHANPUR
BTE,BHARATPUR JN
BKI,BANDIKUI JN
KSG,KISHANGARH
AII,AJMER JN
DOZ,DAURAI
UDZ,UDAIPUR CITY
RPZ,RANAPRATAPNAGAR
MVJ,MAVLI JN
CNA,CHANDERIYA
BHL,BHILWARA
BJNR,BIJAINAGAR
NSD,NASIRABAD
GADJ,GANDHINAGAR JPR
AH,ACHHNERA JN
SSDT,SHAMSHABAD TOWN
AYC,AYODHYA CANTT
AY,AYODHYA
MUR,MANKAPUR JN
SV,SIWAN JN
BOE,BARSOI JN
DLO,DALGAON
APDJ,ALIPUR DUAR JN
KYQ,KAMAKHYA
HJI,HOJAI
LMG,LUMDING JN
MBG,MAIBONG
NHLN,NAHARLAGUN
HMY,HARMUTI
NLP,NORTH LAKHIMPUR
GOM,GOGAMUKH
DMC,DHEMAJI
DBRG,DIBRUGARH
NTSK,NEW TINSUKIA JN
SLGR,SIMALUGURI JN
MXN,MARIANI JN
FKG,FURKATING JN
SZR,SARUPATHAR
DMV,DIMAPUR
DPU,DIPHU
NHGJ,NEW HARANGAJAO
SCL,SILCHAR
LKA,LANKA
GOGH,GOSSAIGAON HAT
DQG,DHUPGURI
AUB,ALUABARI ROAD
KDPR,KUMEDPUR
HSA,HASIMARA
BNV,BINNAGURI
NMZ,NEW MAL JN
SGUJ,SILIGURI JN
BORA,BAGHDOGRA
TKG,THAKURGANJ
NFK,NEW FARAKKA JN
PKR,PAKUR
SURI,SIURI
UDL,ANDAL JN
CRP,CHANDRAPURA JN
JGNR,JOGENDRANAGAR
JRNA,JIRANIA
MGKM,MUNGIAKAMI
JWNR,JAWAHARNAGAR
SKAP,S K PARA
MANU,MONU
NLKT,NALKATA
PEC,PENCHARTHAL
PASG,PANISAGAR
ARCL,ARUNACHAL
BEAS,BEAS
JUC,JALANDHAR CITY
LDH,LUDHIANA JN
CDG,CHANDIGARH
ALJN,ALIGARH JN
BTH,BETTIAH
BMKI,BAPUDM MOTIHARI
HPO,HASANPUR ROAD
NBJU,NEW BARAUNI JN
DBB,DHUBRI
GUP,GAURIPUR
GKJ,GOLAKGANJ
SPX,SAPATGRAM
FKM,FAKIRAGRAM JN
BPRD,BARPETA ROAD
PBL,PATHSALA
TIHU,TIHU
NLV,NALBARI
TNL,TANGLA
ULG,UDALGURI
NMM,NEW MISAMARI
RPAN,RANGAPARA NORTH
VNE,VISWANATH CHRLI
TBM,TAMBARAM
CGL,CHENGALPATTU
VM,VILLUPURAM JN
VRI,VRIDHACHALAM JN
TPJ,TIRUCHCHIRAPALI
DG,DINDIGUL JN
MDU,MADURAI JN
VPT,VIRUDUNAGAR JN
SRT,SATUR
CVP,KOVILPATTI
TEN,TIRUNELVELI
VLY,VALLIYUR
NCJ,NAGERCOIL JN
MTP,METUPALAIYAM
PTJ,PODANUR JN
CNV,KINATTUKKADAVU
POY,POLLACHI JN
UDT,UDUMALAIPPETTAI
PLNI,PALANI
ODC,ODDANCHATRAM
SVKS,SIVAKASI
SVPR,SRIVILLIPUTTUR
RJPM,RAJAPALAYAM
SNKL,SANKARANKOVIL
KDNL,KADAYANALLUR
TSI,TENKASI JN
PCM,PAVURCHATRAM
KKY,KILA KADAIYAM
ASD,AMBASAMUDRAM
SMD,CHARANMAHADEVI
MS,CHENNAI EGMORE
AJJ,ARAKKONAM JN
TUP,TIRUPPUR
OTP,OTTAPPALAM
TLY,THALASSERY
PAY,PAYYANUR
ONR,COONOOR
AVK,ARAVANKADU
KXT,KETTI
LOV,LOVEDALE
UAM,UDAGAMANDALAM
WEL,WELLINGTON
SBC,KSR BENGALURU
BAW,CHIK BANAVAR
DBL,DODBELE
KIAT,KYATSANDRA
TK,TUMAKURU
GBB,GUBBI
AMSA,AMMASANDRA
TTR,TIPTUR
ASK,ARSIKERE JN
DRU,KADUR
RRB,BIRUR JN
AJP,AJJAMPUR
HSD,HOSDURGA ROAD
RGI,RAMGIRI
JRU,CHIKJAJUR JN
CTA,CHITRADURG
CHKE,CHALLAKERE
THKU,THALLAK
MOMU,MOLAKALMURU
RDG,RAYADRUG
BYC,BALLARI CANTT
TNGL,TORANAGALLU
HPT,HOSAPETE JN
KJM,KRISHNARAJAPURM
MAS,MGR CHENNAI CTL
DVG,DAVANGERE
HPHI,HARAPANAHALLI
KTY,KOTTURU
HBI,HGRIBOMANAHALLI
MMI,MARIYAMANAHALLI
KBL,KOPPAL
GDG,GADAG JN
MLP,MALLAPUR
HLAR,HOLE ALUR
BDM,BADAMI
GED,GULEDAGUDDA RD
BGK,BAGALKOT
LMT,ALMATTI
BSRX,BAGEVADI RD
BJP,VIJAYAPURA
BNC,BENGALURU CANT
NMKL,NAMAKKAL
KRR,KARUR
TJ,THANJAVUR
NMJ,NIDAMANGALAM
TVR,THIRUVARUR JN
NGT,NAGAPPATTINAM
VLNK,VELLANKANNI
TP,TIRCHRPALI FORT
BLLI,BALLI
LOL,LOLIEM
AT,ASNOTI
HAA,HARWADA
ANKL,ANKOLA
GOK,GOKARNA ROAD
MRJN,MIRJAN
HNA,HONNAVAR
MANK,MANKI
MRDW,MURDESHWAR
CTTP,CHITRAPUR (H)
BTJL,BHATKAL
SHMI,SHIROOR
BIJR,BIJOOR
SEN,SENAPURA
BKJ,BARKUR
INJ,INNANJE
PDD,PADUBIDRI
NAND,NANDIKOOR
SL,SURATHKAL
TOK,THOKUR
MAQ,MANGALURU CNTL
SEGM,SEVAGRAM
DKAE,DANKUNI
VSKP,VISAKHAPATNAM
GNT,GUNTUR JN
NLDA,NALGONDA
MRGA,MIRYALAGUDA
SAP,SATTENAPALLE
JPE,JALPAIGURI ROAD
JID,JAGI ROAD
NHK,NAHARKATIYA
RCD,RAJCHANDRAPUR
KCC,KRISHNA CANAL
PGDP,PAGIDIPALLI JN
MED,MEDCHAL
WDR,WADIARAM
KMC,KAMAREDDI
NZB,NIZAMABAD JN
BSX,BASAR
MUE,MUDKHED
NED,H SAHIB NANDED
JL,JALGAON JN
NDB,NANDURBAR
MSH,MAHESANA JN
PNU,PALANPUR JN
ABR,ABU ROAD
FA,FALNA
PMY,PALI MARWAR
LUNI,LUNI JN
JU,JODHPUR JN
GOTN,GOTAN
MTD,MERTA ROAD JN
NGO,NAGAUR
NOK,NOKHA
BKN,BIKANER JN
LGH,LALGARH JN
MTM,MACHILIPATNAM
TEL,TENALI JN
CLX,CHIRALA
PAK,PAKALA JN
PIL,PILER
KCI,KALIKIRI
MPL,MADANAPALLE RD
KRY,KADIRI
MDS,MANDASOR
NMH,NIMACH
COR,CHITTAURGARH
FL,PHULERA JN
NS,NARASAPUR
PKO,PALAKOLLU
VVM,VIRAVASARAM
BVRM,BHIMAVARAM JN
BPP,BAPATLA
KVZ,KAVALI
KMT,KHAMMAM
DKJ,DORNAKAL JN
DAB,DHARMABAD
PGRL,PIDUGURALLA
JMKT,JAMIKUNTA
KRMR,KARIMNAGAR
LPJL,LINGAMPET JAGIT
KRLA,KORATLA
MTPI,METPALLI
ARMU,ARMUR
UMRI,UMRI
SELU,SELU
PTU,PARTUR
J,JALNA
AWB,AURANGABAD
LSR,LASUR
RGO,ROTEGAON
NSL,NAGARSOL
BUX,BHANDAK
WANI,WANI
KAYR,KAYAR
LNT,LINGTI
PMKT,PIMPALKHUTI
ADB,ADILABAD
KNVT,KINWAT
HEM,HIMAYATNAGAR
BOKR,BHOKAR
TKWD,TIKEKARWADI
HG,HOTGI
LHN,LACHYAN
IDR,INDI ROAD
MVD,MULVAD
MGL,MANGELA
LKY,LAKHMAPUR
BLR,BALGANUR
HBL,HOMBAL
LKT,HULKOTI
NGR,ANNIGERI
SVHE,SISVINHALLI
HBS,HEBSUR
KUG,KUSUGALI
UBL,SSS HUBBALLI JN
DWR,DHARWAR
AGL,AMARGOL
BGM,BELAGAVI
KNP,KHANAPUR
LD,LONDA JN
LWR,ALNAVAR JN
DAJ,DUROJI
BAY,BALLARI JN
KO,KOSGI
KSN,KRISHNA
CT,CHITTAPUR
MQR,MALKHAID ROAD
SEM,SERAM
TDU,TANDUR
VKB,VIKARABAD JN
LPI,LINGAMPALLI
BMT,BEGAMPET
BG,BHONGIR
HVR,MMAILARA HAVERI
RNR,RANIBENNUR
HRR,HARIHAR
BAND,BANASWADI
HSRA,HOSUR
DPJ,DHARMAPURI
PDKT,PUDUKKOTTAI
KKDI,KARAIKKUDI JN
MNM,MANAMADURAI JN
RMD,RAMANATHAPURAM
BYD,BYADGI
HAS,HASSAN
SKLR,SAKLESHPUR
SBHR,SUBRAHMANYA RD
KBPR,KABAKAPUTTUR
BNTL,BANTAWALA
MGV,MOLAGAVALLI
KGL,KUPGAL
NDKD,NADIKUDI JN
VLR,VELLORE CANT
TNM,TIRUVANNAMALAI
SRGM,SRIRANGAM
CCT,KAKINADA TOWN
MDR,MADHIRA
MABD,MAHBUBABAD
BLL,BANTANAHAL
BNL,BEVINAHALU
TKBN,TSAKIBANDA
VP,VIRAPUR
HDD,HADDINAGUNDU
OBM,OBALAPURAM
SLM,SOMALAPURAM
BAHI,BALLENAHALLI
HLV,HALIYURU
BTGH,BETTADNAGENHALI
CKVD,CHIKKANDAWADI
CGI,CHANDRAGIRI
PAM,PANAPAKAM
DCU,DAMALCHERUVU
MCU,MULACALACHERUVU
NCU,NALLACHERUVU
MGB,MUDIGUBBA
CCI,CHINNEKUNTAPALI
CCA,CHIGICHERLA
ZPL,ZANGALAPALLE
PSPY,PRASANNAYANAPAL
TAC,TATICHERLA
GDE,GARLADINNE
KLU,KALLURU JN
KDT,KHADARPET
VPL,VENKATAMPALLE
GPU,GULAPALYAMU
HNMN,HANUMAN STATION
HGI,HAGARI
ALAT,AVULADATLA
KYND,KALYANADURGA
KRYP,KADRIDEVARPALLI
KCM,KALASAMUDRAM
TKU,TANAKALLU
KBA,KURABALAKOTA
VLD,VAYALPAD
GNH,GANGAKHER
ZB,ZAHIRABAD
MVO,MANWATH ROAD
SNSI,SAINAGAR SHIRDI
UR,UMDANAGAR
WPR,WANPARTI ROAD
PCL,PULICHERLA
KEN,KOTALA
TPW,TIRUPATI W HLT
MPT,MANGALAMPETA
TAT,TUMMANAMGUTTA
NCE,NLACHRVURU EAST
MVA,MALAKAVEMULA H
IMAM,IMAMPURAM
MRM,MAMANDURU
BLPE,BALAPALLE
SF,SETTIGUNTA
KOU,KODURU
ANE,ANANTARAJUPET
OBVP,OBULAVARIPALLI
PMT,PULLAMPET
HAQ,HASTAVARAMU
NRE,NANDALUR
MMPL,MANTAPAMPALLE
VNM,ONTIMITTA
BKPT,BHAKARAPET
KNLP,KANAMALO PALLE
GPY,GANGAYAPALLE
KKM,KAMALAPURAM
YGD,YERRAGUDIPAD
KMH,KALAMALLA
MOO,MUDDANURU
MUM,MANGAPATNAM
KDP,KONDAPURAM
RLL,REGADIPALLI
VRN,VANGANUR
CLPE,CHALLAVARIPALLE
KMQA,KOMALI
JUR,JUTURU
VML,VEMULAPADU
RLO,RAYALCHERUVU
JKO,JAKKALACHERUVU
PLU,PATAKOTTACHERU
NKDO,NAKKANADODDI
TIM,TIMMANACHERLA
GNR,GADIGANURU
MRB,MUNIRABAD
HTNL,HITNAL
GIN,GINIGERA
BNP,BHANAPUR
BNA,BANNI KOPPA
KPU,KRISHNAPURAM
TDPR,TIRUPADRIPULYUR
CDM,CHIDAMBARAM
SY,SIRKAZHI
MV,MAYILADUTURAI J
TTP,TIRUTURAIPDI JN
MTT,MUTUPET
AMM,ATIRAMPATTINAM
PKT,PATTUKOTTAI
ATQ,ARANTANGI
SVGA,SIVAGANGA
SORO,SORO
ROP,RUPSA JN
BTQ,BETNOTI
BPO,BARIPADA
VZR,BHANJPUR
LDX,LADDA
JMPT,JIMIDIPETA
KNRT,KUNERU
GMDA,GUMADA
PVPT,PARVATIPURAM TN
NSX,NARSIPURAM HALT
SNM,SITANAGARAM
DNV,DONKINAVALASA
KMX,KOMATIPALLI
GPI,GAJAPATINAGARAM
GRBL,GARUDUBILLI
GTLM,GOTLAM
KUK,KORUKONDA
ALM,ALAMANDA
KPL,KANTAKAPALLE
PDT,PENDURTI
SCM,SIMHACHALAM
MIPM,MARRIPALEM PH
GNPR,GUNUPUR
PLSG,PALASINGI
BSDR,BANSADHARA
LRI,LIHURI
KNGR,KASHINAGAR
HBF,HADOBHANGI
SPRM,SITAPURAM
PLH,PARALAKHEMUNDI
PHM,PATAPATNAM
GVA,GANGUVADA
TMB,TEMBURU
PDSN,PEDDASANA
TEK,TEKKALI
NWP,NAUPADA JN
KBM,KOTABOMMALI
TIU,TILARU
ULM,URLAM
DUSI,DUSI
PDU,PONDURU
SGDM,SIGADAM
CPP,CHIPURUPALLE
GVI,GARIVIDI
KPN,KUPPAM
MVW,MALLIVIDU
SUP,SHRUNGAVARPUKTA
BDVR,BODDAVARA
CMDP,CHIMIDIPALLI
BGHU,BORRAGUHALLU
KVLS,KARAKAVALASA
SMLG,SHIMILIAGUDA
ARK,ARAKKU
AKP,ANAKAPALLE
TDD,TADEPALLIGUDEM
KHT,SRI KALAHASTI
BBU,BHABUA ROAD
SSM,SASARAM
DOS,DEHRI ON SONE
GHD,GARWA ROAD
DTO,DALTONGANJ
LTHR,LATEHAR
BRKA,BARKA KANA
SWV,SAWANTWADI ROAD
SNDD,SINDHUDURG
NAN,NANDGAON ROAD
VBW,VAIBHAVWADI RD
VID,VILAVADE
ADVI,ADAVALI
AVRD,ARAVALI ROAD
SVX,SAVARDA
BSR,VASAI ROAD
MMCT,MUMBAI CENTRAL
UDN,UDHNA JN
AHA,ABHAIPUR
JMP,JAMALPUR JN
SGG,SULTANGANJ
BGP,BHAGALPUR
CLG,KAHALGAON
SBG,SAHIBGANJ JN
BHW,BARHARWA JN
PLG,PALGHAR
BL,VALSAD
NVS,NAVSARI
PTN,PATAN
BLDI,BHILDI
DQN,DHANERA
RNV,RANIWARA
MBNL,MARWAR BHINMAL
MON,MODRAN
JOR,JALOR
MKSR,MOKALSAR
SMR,SAMDHARI JN
BLT,BALOTRA JN
BUT,BAYTU
BME,BARMER
BOR,BOISAR
DRD,DAHANU ROAD
BHET,BHESTAN
BIY,BARDOLI
VYA,VYARA
NWU,NAVAPUR
DDE,DONDAICHA
SNK,SINDKHEDA
NDN,NARDANA
AN,AMALNER
DXG,DHARANGAON
BIM,BILIMORA JN
GNV,GANDEVI
CIO,CHIKHLI ROAD
RW,RANKUA
DOLK,DHOLIKUA
ANW,ANAWAL
UNI,UNAI VANSADA RD
KVO,KEVDI ROAD
KMB,KALV AMBA
DNGD,DUNGARDA
WGI,WAGHAI
PLD,PALDHI
CHLK,CHAVALKHEDE
BHNE,BHONE
TKHE,TAKARKHEDE
BRTK,BHORTEX
PDP,PADSE
BEW,BETAVAD
HOL,HOL
SNSL,SONSHELU
VKH,VIKHRAN ROAD
RNL,RANALA
TISI,TISI
CUE,CHOUPALE
SKB,SHIKOHABAD JN
MNQ,MAINPURI JN
BGQ,BHONGAON
FBD,FARRUKHABAD
KJN,KANNAUJ
RBL,RAE BARELI JN
AME,AMETHI
MBDP,MA BELHADEVI DP
JNH,JANGHAI JN
BOY,BHADOHI
CUPJ,CUDDALORE PORT
VDL,VAITISVARANKOIL
KMU,KUMBAKONAM
PML,PAPANASAM
CLDY,CHANDLODIYA
VG,VIRAMGAM JN
SUNR,SURENDRANAGAR
THAN,THAN JN
WKR,WANKANER JN
RJT,RAJKOT JN
HAPA,HAPA
JAM,JAMNAGAR
KMBL,KHAMBHALIYA
DWK,DWARKA
OKHA,OKHA
GIMB,GANDHIDHAM BG
BCOB,BHACHAU BG
SIOB,SAMAKHIALI B G
DHG,DHRANGDHRA
DHD,DAHOD
BWM,BHAWANI MANDI
SGL,SAGAULI JN
MGR,MONGHYR
SBT,SABARMATI JN
HVD,HALVAD
MALB,MALIYA MIYANA
AJE,ANJAR
BHUJ,BHUJ
AI,ADIPUR
GUNA,GUNA
KON,KUDALNAGAR
KQN,KODAIKANAL ROAD
MPA,MANAPARAI
BH,BHARUCH JN
BZU,BETUL
MALK,MALKAPUR ROAD
BYS,BARSALI
AMLA,AMLA JN
JMV,JAMBARA
BXY,BORDHAI
NVG,NAWAGAON
HRG,HIRDAGARH
JNO,JUNNOR DEO
PCLI,PALACHAURI
IKR,IKLEHRA
PUX,PARASIA
CWA,CHHINDWARA JN
SEY,SEONI
CHUA,CHOURAI
DPA,DURGAPURA
NAD,NAGDA JN
LNL,LONAVALA
HSR,HISAR
RMA,RAMGANJ MANDI
SJP,SHUJALPUR
KIN,KAPASAN
PERN,PERNEM
DIVA,DIVA
KLMG,KALAMBOLI
APTA,APTA
JITE,JITE
GNO,GOREGAON ROAD
VEER,VEER
SAPE,SAPE WAMNE
KFD,KARANJADI
VINH,VINHERE
NIV,NIVASAR
VRLI,VERAVALI (H)
SUAL,SAUNDAL
KRPN,KHAREPATAN ROAD
ACRN,ACHIRNE
ZARP,ZARAP
KLMC,KALAMBOLI
TCR,THRISUR
AWY,ALUVA
ERS,ERNAKULAM JN
KJT,KARJAT
KUD,KUDACHI
GPB,GHATPRABHA
ARV,ARNI ROAD
PRL,POLUR
TRK,TIRUKOILUR
PDY,PUDUCHERRY
NRL,NERAL
TGN,TALEGAON
KK,KHADKI
SVJR,SHIVAJINAGAR
CCH,CHINCHVAD
PMP,PIMPRI
DUD,DUDHANI
SDB,SHAHABAD
SSPN,SAI P NILAYAM
HUP,HINDUPUR
GBD,GAURIBIDANUR
BNCE,BENGALURU EAST
NCR,NAGORE
KIK,KARAIKAL
PAP,PITHAPURAM
TUNI,TUNI
SPT,SOMPETA
IPM,ICHCHPURAM
CAP,CHATRAPUR
PC,PACHORA JN
KJ,KAJGAON
BGVN,BHIGWAN
PVR,PANDHARPUR
NIRA,NIRA
WTR,WATHAR
KRG,KOREGAON
RMP,RAHIMATPUR
TAZ,TARGAON
MSR,MASUR
SIW,SHIRRAVDE
KOV,KIRLOSKARVADI
BVQ,BHILAVDI
JSP,JAYASINGPUR
HTK,HATKANAGALE
KOP,C SHAHUMHARAJ T
NMGT,NMG TAMDALGE
VRB,VISHRAMBAG
PRRB,PRAYAGRAJRAMBAG
BCY,VARANASI CITY
SEE,SONPUR JN
LSI,LAHERIA SARAI
HLN,HOLE NARSIPUR
KRNR,KRISHNARAJNAGAR
MYS,MYSURU JN
ABLE,AMBALE
YL,YEOLA
BDWD,BODWAD
NN,NANDURA
JM,JALAMB JN
CND,CHANDUR
TGP,TULJAPUR
SNI,SINDI
AJNI,AJNI
NITR,NSC BOSE ITWARI
KP,KAMPTEE
BRD,BHANDARA ROAD
TMR,TUMSAR ROAD
TRO,TIRORA
VNA,VARANGAON
KVK,KAVATHE MAHANKL
DLGN,DHALGAON
JTRD,JATH ROAD
SGLA,SANGOLA
MJRI,MAJRI JN
NRKR,NARKHER
GDYA,GHORADONGRI
AUBR,ANUGRAHA N ROAD
PNME,PARASNATH
BIRD,BHIWANDI ROAD
PLP,PHULPUR
MAY,MARIAHU
ZBD,ZAFARABAD JN
KRND,KHORASON ROAD
SMZ,SARAI MIR
AMH,AZAMGARH
MMA,MUHAMMADABAD
BLTR,BELTHARA ROAD
KSRA,KASARA
DVL,DEVLALI
SAV,SAVDA
RV,RAVER
BAU,BURHANPUR
NPNR,NEPANAGAR
TLV,TALVADYA
CAER,CHHANERA
KKN,KHIRKIYA
TBN,TIMARNI
BPF,BANAPURA
BNI,BUDNI
ODG,OBAIDULLA GANJ
MDDP,MANDI DIP
GLG,GULABHGANJ
BAQ,GANJ BASODA
MABA,MANDI BAMORA
DUA,DHAURA
TBT,TALBAHAT
BZY,BASAI
BAB,BABINA
DAA,DATIA
DBA,DABRA
MRA,MORENA
DHO,DHAULPUR
KSV,KOSI KALAN
PWL,PALWAL
FDB,FARIDABAD
SZM,SUBZI MANDI
NUR,NARELA
SNP,SONIPAT
GNU,GANAUR
SMK,SAMALKHA
PNP,PANIPAT JN
KUN,KARNAL
NLKR,NILOKHERI
KKDE,KURUKSHETRA JN
SHDM,SHAHBAD MARKNDA
UBC,AMBALA CITY
RPJ,RAJPURA JN
PTA,PATIALA
NBA,NABHA
DUI,DHURI JN
MET,MALERKOTLA
AHH,AHMADGARH
PHR,PHILLAUR JN
PGW,PHAGWARA JN
JRC,JALANDHAR CANT
JNL,JANDIALA
KRE,KARTARPUR
TRR,TARAORI
GRA,GHARAUNDA
RDDE,RATHDHANA
ANDI,ADRSH NGR DELHI
BVH,BALLABGARH
MW,MAIRWA
NYN,NAINI
BHLP,BHULANPUR
SRNT,SARNATH
YFP,YUSUFPUR
SIP,SURAIMANPUR
DGA,DIGHWARA
BNR,BHAGWANPUR
DOL,DHOLI
SKI,SAKRI JN
MBI,MADHUBANI
KYE,KHURAI
MJG,MAJHAGAWAN
LOT,LOHTA
DBR,DABHAURA
JLN,JAKHALAUN
RKM,RAJA KI MANDI
SIR,SIRHIND JN
KNN,KHANNA
MEX,MUKERIAN
PTKC,PATHANKOT CANTT
KTHU,KATHUA
HRNR,HIRA NAGAR
VJPJ,VIJIYPUR JAMMU
JAT,JAMMU TAWI
JLD,JARWAL ROAD
CLJ,COLONELGANJ
VRL,VERAVAL
KSD,KESHOD
JND,JUNAGADH JN
NUD,NAVAGADH
GDL,GONDAL
BGKT,BHAGAT KI KOTHI
RANI,RANI
JWB,JAWAI BANDH
MAN,MANINAGAR
CLR,CASTLE ROCK
QLM,KULEM
SVM,SANVERDAM CHUCH
KZE,KANHANGAD
ERN,ERNAKULAM TOWN
NEW,NIVARI
TKA,TEHARKA
MRPR,MAU RANIPUR
HPP,HARPALPUR
BTX,BELA TAL
KLAR,KULPAHAR
ATE,ATARRA
SRJ,SHANKARGARH
CGN,CHIRGAON
MOTH,MOTH
AIT,AIT
KPI,KALPI
GOY,GOVINDPURI
ON,UNNAO JN
LJN,LUCKNOW NE
BUW,BURHWAL
MSW,MASKANWA
BTK,BANKATA
DDA,DURAUNDHA JN
KRBP,KHUDIRAM B PUSA
DSS,DALSINGH SARAI
SWA,SAHJANWA
BV,BABHNAN
BNG,BARNAGAR
FTD,FATEHABAD CH.JN
INDB,INDORE JN BG
DWX,DEWAS
MKC,MAKSI
SFY,SHAJAPUR
PFR,PACHOR ROAD
BRRG,BIYAVRA RAJGARH
RTA,RUTHIYAI
MINA,MIYANA
BDWS,BADARWAS
KLRS,KOLARAS
SVPI,SHIVPURI
MOJ,MOHANA
SHR,SIHORA ROAD
KTES,KATNI SOUTH
BRS,BIRSINGHPUR
BUH,BURHAR
KTMA,KOTMA
KTO,KATORA
BSPR,BISHRAMPUR
GMD,GURAMKHEDI
SGP,SOHAGPUR
BKH,BANKHEDI
SCKR,SALICHAUKA ROAD
BNE,BOHANI
KY,KARELI
KKB,KARAK BEL
SRID,SHRIDHAM
BHTN,BHITONI
BRGT,BHERAGHAT
DOE,DEORI
GSPR,GOSALPUR
DDCE,DUNDI
SBD,SLEEMANABAD RD
BNU,BANDAKPUR
GAJ,GANESHGANJ
MKRN,MAKRONIA
JRK,JERUWA KHERA
GRO,GURRA
SQL,SONTALAI
BGTA,BAGRA TAWA
GPC,GHATPINDRAI
BELD,BELKHERA
BMR,BIKRAMPUR
ADTL,ADHARTAL
NWR,NIWAR
PTWA,PATWARA
JKE,JUKEHI
PKRD,PAKARA ROAD
UDR,AMDARA
BUU,BHADANPUR
UHR,UNCHHERA
LGCE,LAGARGAWAN
SAGM,SAGMA
JTW,JAITWAR
CTHR,CHITAHRA
TKYR,TIKARIA
MKD,MARKUNDI
PNHI,PANHAI
KTDD,KATAIYA DANDI
BRG,BARGARH
MJHR,MAJHIARI
LOG,LOHGARA
MFX,MADARAHA
JSR,JASRA
IDGJ,IRADATGANJ
NW,NALWAR
SADP,SAIDAPUR
PKD,PENUKONDA
DBU,DODBALLAPUR
YNK,YELHANKA JN
KIGL,KUNIGAL
YY,YEDIYURU
BGNR,B.G.NAGAR
SBGA,SHRAVANBELAGOLA
SHSK,SAHARSRAKUND
BHBK,BODHADI BUJRUG
KHBJ,KHANNA BANJARI
VST,BIJAYSOTA
BEHR,BEOHARI
MWJ,MARWASGRAM
SGAM,SAREIGRAM
BRGW,BARGAWAN
SGRL,SINGRAULI
CPU,CHOPAN
RNQ,RENUKUT
DXN,DUDDHINAGAR
WDM,WYNDHAMGANJ
NUQ,NAGAR UNTARI
GHQ,GARHWA
BRWD,BARWADIH JN
TORI,TORI
KLRE,KHALARI
RAY,RAY
PTRU,PATRATU
RRME,RANCHI ROAD
GMIA,GUMIA
BKRO,BOKARO THERMAL
BRMO,BERMO
PUS,PHUSRO
KTH,KATRASGARH
KMME,KUMARDUBI
ULT,KULTI
RNG,RANIGANJ
MAKR,BINA MALKHEDI
TKD,TUGLAKABAD
OKA,OKHLA
DKZ,DELHI KISHANGNJ
SSB,SHAKURBASTI
BGZ,BAHADURGARH
ROK,ROHTAK JN
JIND,JIND JN
NRW,NARWANA JN
JHL,JAKHAL JN
SAG,SANGRUR
MCTM,MTYR C TUSHAR M
SVDK,SHMATA VD KATRA
MLHA,MALIYA HATINA
JLR,JETALSAR JN
VRR,VIRPUR
BKNG,BHAKTI NAGAR
MHD,MHMDVD KHEDA RD
DRL,DEROL
GDA,GODHRA JN
MGN,MEGHNAGAR
KUH,KHACHROD
BCH,BERCHHA
KSH,KALI SINDH
AKD,AKODIA
KPP,KALAPIPAL
PRB,PARBATI
SEH,SEHORE
PHA,PATHARIA
NKJ,NEW KATNI JN
MFQ,MAHROI
JOBA,JOBA
NWB,NIWAS ROAD
GAJB,GAJARA BAHARA
DADN,DR AMBEDKAR NGR
SNRR,SANSARPUR
MDRR,MADAVNAGAR ROAD
KMA,KAIMA
SKAR,SAKARIYA
HNM,HINAUTARAMBAN
BGHI,BAGAHAI ROAD
TZR,TURKI ROAD
CHD,CHANDIA ROAD
AAL,AMLAI
MDGR,MANENDRAGARH
CHRM,CHIRMIRI
BTC,BALAGHAT JN
NIR,NAINPUR JN
GNS,GHANSORE
SONR,SAONER
SASR,SAUSAR
ORC,ORCHHA
BWR,BARWA SAGAR
MGRR,MAGARPUR
RNRD,RANIPUR ROAD
RORA,RORA
GTI,GHUTAI
CRC,CHARKHARI ROAD
BPRA,BARIPURA
KBR,KABRAI
MTH,MATAUNDH
KID,KHAIRAR JN
DWI,DINGWAHI
KHU,KHURHAND
BUS,BADAUSA
BTKP,BHARAT KUP
SWC,SHIVRAMPUR
KHOH,KHOH
BIP,BAHILPURWA
ISHN,ISHANAGAR
UDPR,UDAIPURA
CHJ,CHATA
HDL,HODAL
KRQ,KARARI
SOR,SONAGIR
KTRA,KOTRA
SMTL,SIMARIATAL
AEH,ANANT PAITH
ARI,ANTRI
SLV,SANDALPUR
STLI,SITHOULI
BLNR,BIRLANAGAR
RRU,RAYARU
BAO,BANMOR
NUB,NURABAD
SANK,SANK
SIKD,SIKRODA KWANRI
HET,HETAMPUR
MIA,MANIA
JJ,JAJAU
BHA,BHANDAI JN
MLAR,MALANPUR
SONI,SONI
BIX,BHIND
KUPR,KHURDPUR
HSX,HOSHIARPUR
PHD,PHAPHUND
GZB,GHAZIABAD
KLK,KALKA
DEC,DELHI CANTT
GGN,GURGAON
RE,REWARI
AWR,ALWAR
MTC,MEERUT CITY
MOZ,MUZAFFARNAGAR
RK,ROORKEE
HW,HARIDWAR JN
DDN,DEHRADUN
JGM,JHARGRAM
GTS,GHATSILA
TATA,TATANAGAR JN
SINI,SINI JN
CBSA,CHAIBASA
DPS,DANGOAPOSI
NOMD,NOAMUNDI
BJMD,BARA JAMDA
BBN,BARABIL
BNSA,BANBASA
BTG,BASHARATGANJ
AO,AONLA
KEG,KARENGI
DUB,DABTARA
AFR,ASAFPUR
CH,CHANDAUSI JN
RJK,RAJA KA SAHASPR
AMRO,AMROHA
GJL,GAJRAULA JN
GMS,GARHMUKTESAR
SMBL,SIMBHOOLI
HPU,HAPUR
PKW,PILKHUA
SBB,SAHIBABAD
DSA,DELHI SHAHDARA
KTW,KOTDWARA
NBD,NAJIBABAD JN
MZM,MUZZAMPUR NRYN
BJO,BIJNOR
HLDR,HALDAUR
CPS,CHAND SIAU
MNDR,MANDI DHANAURA
KGM,KATHGODAM
HDW,HALDWANI
LKU,LAL KUAN
RUPC,RUDRAPUR CITY
RMU,RAMPUR
YJUD,YAMUNANAGAR JUD
DDL,DHANDARI KALAN
DBD,DEOBAND
TPZ,TAPRI
TKJ,TILAK BRIDGE
SASN,SAHIBZADA ASNGR
KARR,KHARAR
MRND,MORINDA
RPAR,RUPNAGAR
KART,KIRATPUR SAHIB
ANSB,ANANDPUR SAHIB
NLDM,NANGAL DAM
UHL,UNA HIMACHAL
AADR,AMB  ANDAURA
DLPC,DAULATPUR CHAUK
SMVJ,SHRI MAHAVEERJI
SMPR,SHRI MADHOPUR
NMK,NIM KA THANA
NNL,NARNAUL
DEE,DELHI S ROHILLA
BXJ,BOKAJAN
JTTN,JORHAT TOWN
RIG,RAIGARH
KHS,KHARSIA
SKT,SAKTI
BUA,BARADWAR
CPH,CHAMPA JN
NIA,JANJGIR NAILA
AKT,AKALTARA
BYT,BHATAPARA
TLD,TILDA NEORA
RJN,RAJ NANDGAON
DGG,DONGARGARH
JER,JALESWAR
JKPR,JAKHAPURA
SRTL,CHERTHALA
ALLP,ALLEPPEY
KYJ,KAYANKULAM JN
QLN,KOLLAM JN
VAK,VARKALASIVAGIRI
TVC,TRIVANDRUM CNTL
SPE,SULLURUPETA
NYP,NAYUDUPETA
NGNT,NEW GUNTUR
KTYM,KOTTAYAM
TRVL,TIRUVALLA
CNGR,CHENGANNUR
MVLK,MAVELIKARA
IGU,IRUGUR
TKE,TARIKERE JN
BDVT,BHADRAVATI
SMET,SHIVAMOGGA TOWN
JRBM,JIRIBAM
VNGP,VANGAICHUNGPAO
RGBP,RANI GAIDINLIU
TGBP,THINGOU
KGBP,KHONGSANG
CKP,CHAKRADHARPUR
SHM,SHALIMAR
MBP,MOHIBULLAPUR
SD,SIDHAULI
MA,MADHA
BRJN,BRAJRAJNAGAR
TUN,TOHANA
BRZ,BARETA
BLZ,BUDHLADA
MSZ,MANSA
MAUR,MAUR
GNA,GONEANA B JAGTA
GJUT,GANGSAR JAITU
KKP,KOT KAPURA
FDK,FARIDKOT
FZR,FIROZPUR CANT
ZNA,ZAMANIA
NHH,NIHALGARH
MFKA,MUSAFIR KHANA
SLN,SULTANPUR
MSMD,MAHASAMUND
KRAR,KHARIAR ROAD
KBJ,KANTABANJI
TLHR,TALCHER
PRR,PURULIA JN
PAR,PANDHURNA
PUT,PUTTUR
TRT,TIRUTTANI
PBH,PARTAPGARH JN
CAR,CHUNAR
BDL,VINDHYACHAL
PNKD,PANKI DHAM
RURA,RURA
JJK,JHINJHAK
BNT,BHARTHANA
FZD,FIROZABAD
JAB,YAMUNA BDG AGRA
MNV,MUNGAOLI
ASKN,ASHOK NAGAR
CAG,CHHABRA GUGOR
ATRU,ATRU
BAZ,BARAN
LKE,LAKHERI
IDG,INDARGARH
CKB,CHAUTH KA BRWRA
BNLW,BANSTHALI NIWAI
JAIS,JAIS
IDH,IDGAH AGRA JN
NBI,NADBAI
KL,KHERLI
MURD,MANDAWAR M RD
DO,DAUSA
GTJT,GETOR JAGATPURA
NRI,NARAINA
KCVL,KOCHUVELI
CGY,CHANGANASERI
SHC,SAHARSA JN
SBV,S BAKHTIYARPUR
HRI,HARDOI
BE,BAREILLY
BLQR,BILASPUR ROAD
LRJ,LAKSAR JN
CAA,CHAKIA
BUG,BAGAHA
GNC,GANDHINAGAR CAP
MLPR,MALIPUR
ABP,AKBARPUR
RDL,RUDAULI
BNZ,BADSHAHNAGAR
AMG,ALAMNAGAR
SEO,SEOHARA
DPR,DHAMPUR
NGG,NAGINA
JUDW,JAGADHRI WSHOP
CAF,CHANDA FORT
KRBA,KORBA
CUR,CHURU
RTGH,RATANGARH JN
SDGH,SRI DUNGARGARH
WJR,WALAJAH ROAD JN
DLN,DILDARNAGAR JN
NAC,NAWA CITY
KMNC,KUCHAMAN CITY
MKN,MAKRANA JN
DNA,DEGANA JN
HZD,HAZARIBAGH RD
HRS,HATHRAS JN
KRJ,KHURJA JN
CNDM,CHANDI MANDIR
CPA,KANPUR ANWRGANJ
PAN,PANAGARH
SUJH,SUJANGARH
LAU,LADNUN
DIA,DIDWANA
CTKT,CHOTI KHATU
JOP,JAUNPUR CITY
BUP,BARIARPUR
KJH,KAJRA
DURE,DUMRAON
MNAE,MANKAR
OYR,WARIA
STN,SITARAMPUR
JPG,JALPAIGURI
HDB,HALDIBARI
FLK,FALAKATA
KQU,KAMARKUNDU
GODA,GODDA
HSDA,HANSDIHA
MDLE,MANDAR HILL
BHLE,BARAHAT
NWD,NAWADAH
BRYA,BARHIYA
KHH,KICHHA
HCR,HARISCHANDRPUR
DRH,DHARHARA
MHRG,MAHENDRAGARH
RJR,RAJALDESAR
NPS,NAPASAR
JOC,JOYCHANDI PAHAR
SM,SAMSI
DLK,DALKOLHA
MHBA,MATHABHANGA
RFJ,RAFIGANJ
NAB,NAGBHIR JN
WENA,WENA
PWS,PHULWARI SHARIF
BTA,BIHTA
BEA,BIHIYA
GMR,GAHMAR
GRRU,GURARU
KTQ,KUDRA
BRE,BHARWARI
FAB,FATEHABAD
GDO,GOVERDHAN
DEEG,DEEG
BINR,BRIJ NAGAR
FPS,FATEHPUR SKHWTI
KATL,KATOL
MTY,MULTAI
NMDA,NEW MORINDA
SMRL,SAMRALA
RHG,RAJGARH
KRH,KHAIRTHAL
GHH,GARHI HARSARU
MEP,MAHIDPUR ROAD
VMA,VIKRAMGARH ALOT
CMU,CHAU MAHLA
SVA,SUWASRA
SGZ,SHAMGARH
GOH,GAROT
DBRT,DIBRUGARH TOWN
SRO,SIRATHU
HYT,HAIAGHAT
BNN,BARNALA
PUL,RAMPURA PHUL
HLZ,HALDIA
TMZ,TAMLUK
PKU,PANSKURA
RMJK,RAM NAGAR J K
LAD,LOHARDAGA
GDB,GIDDARBAHA
MOT,MALOUT
ABS,ABOHAR
KESR,KESRI SINGHPUR
SRW,SHRI KARANPUR
GJS,GAJSINGHPUR
RSNR,RAI SINGH NAGAR
JES,JAITSAR
LKS,LUNKARANSAR
SDF,SUDSAR
SBIB,SABARMATI BG
DARA,DARA
DKNT,DAKANIYA TALAV
ISA,ISARDA
SBR,SAMBHAR LAKE
REN,REN
RKB,RAIKA BAGH
JSM,JAISALMER
POK,POKARAN
RDRA,RAMDEVRA
PLCJ,PHALODI JN
KLYT,KOLAYAT
DSO,DESHNOK
MDW,MARWAR MUNDWA
GCH,GACHHIPURA
KKU,KANAKPURA
BLM,BALAMU JN
BMI,BAMNIA
PDWA,PINDWARA
SPZ,SAMPLA
JBN,JOGBANI
FBG,FORBESGANJ
ARQ,ARARIYA COURT
PRNA,PURNEA JN
DDR,DADAR
MINJ,MAIKALGANJ
WFD,WHITEFIELD
ADL,ANDUL
MNE,MANSI JN
WKI,WADAKANCHERI
IJK,IRINJALAKUDA
CKI,CHALAKUDI
AFK,ANGAMALI
AMPA,AMBALAPPUZHA
HAD,HARIPPAD
ROA,RUSERA GHAT
RMR,RAMNAGAR
KPV,KASHIPUR
PLS,PIPALSANA
EKMA,EKMA
RGU,RAGAUL
PND,PENDRA ROAD
USL,USLAPUR
CAI,CHANPATIA
HIR,HARINAGAR
MBS,MADHOSINGH
SBZ,SISWA BAZAR
BER,BEAWAR
DSJ,DELHI SAFDARJNG
NNO,NANGLOI
KLNK,KALANAUR KALAN
BNW,BHIWANI
SSA,SIRSA
MTR,MOTIPUR
MAI,MEHSI
KGI,KENGERI
MYA,MANDYA
TRL,TIRUVALLUR
PTB,PATTAMBI
KTU,KUTTIPPURAM
TA,TANUR
PGI,PARPANANGADI
FK,FEROK
QLD,QUILANDI
MAHE,MAHE
PAZ,PAYANGADI
CHV,CHARVATTUR
MJS,MANJESHWAR
SKM,SINGARAYAKONDA
NDO,NIDUBROLU
MLMR,MELMARUVATTUR
ALU,ARIYALUR
LLI,LALGUDI
GOC,PONMLAI GLD RCK
MBM,MAMBALAM
SHU,SHOLINGHUR
AB,AMBUR
MCN,MUKUNDARAYAPURM
GYM,GUDIYATTAM
VN,VANIYAMBADI
MLO,MALUR
RMGM,RAMANAGARAM
CPT,CHANNAPATNA
MAD,MADDUR
PANP,PANDAVAPURA
NLE,NILESHWAR
TRTR,TRIUPUNITTURA
TVP,TRIVANDRUM PETT
AVD,AVADI
VARD,VAIKOM
CTO,CHITTOOR
TMV,TINDIVANAM
SDN,SHOLAVANDAN
CAPE,KANYAKUMARI
ABI,AMBATURAI
CBF,COIMBATORE NRTH
KKPM,KALLAKKUDI PLGH
TPTN,TIRUCHRPALI TWN
AKV,ANKLESHWAR JN
TTL,TIRUTTANGAL
PBKS,PMBAKVL SHANDY
SCT,SENGOTTAI
MAP,MORAPPUR
CRLM,CARMELARAM
SGE,SANKARIDURG
SLY,SAMALPATTI
BQI,BOMMIDI
TPT,TIRUPATTUR JN
MMK,MADURANTAKAM
TMQ,TIRUMANGALAM
KDU,KADAMBUR
MEJ,VANCHIMANIYACHI
TME,TUTI MELUR
TN,TUTICORIN
KZK,KAZHAKUTTAM
MAG,MANGALAGIRI
GNP,GHANPUR
ALER,ALER
VDE,VEDAYAPALEM
BTTR,BITRAGUNTA
KDM,KESAMUDRAM
APT,ANAPARTI
NZD,NUZVID
NBH,NIMBAHERA
YLG,YALVIGI
YLM,ELLAMANCHILI
NRP,NARSIPATNAM RD
VKI,VENKATAGIRI
BN,BIBINAGAR
COA,KAKINADA PORT
DWP,DWARAPUDI
KVR,KOVVUR
RYP,RAYANAPADU
NKD,NEKONDA
VSG,VASCO DA GAMA
GLA,GARLA
KRA,KAREPALLI
BDCR,BHADRACHALAM RD
MUGR,MANUGURU
VNUP,VISHNUPURAM
CTYL,CHITYALA
NRDP,NAGIREDDIPALLI
SNF,SANAT NAGAR
SKP,SHANKARPALLI
PAV,PEDANA
GVL,GUDLAVALLERU
KI,KONDAPALLI
SRGT,SURENDRANAGAR G
BTD,BOTAD JN
DLJ,DHOLA JN
BVC,BHAVNAGAR TRMUS
OPL,UPPAL
OEA,ODELA
RVKH,RAVINDRAKHANI
SRNR,SRIRAMNAGAR
RBG,RAYBAG
NAW,NAWANDGI
CNI,CHANDIL JN
BBM,BARABHUM
PRP,PAHARPUR
RMNP,RAMANNAPETA
AMB,AMBODALA
HSK,HARISHANKER RD
BGBR,BAGBAHRA
BPH,BELPAHAR
CKU,CHAKULIA
RHE,RAKHA MINES
VSU,BISHNUPUR
BJE,BHOJUDIH JN
VAA,BHAGA JN
BLDA,BELDA
DNT,DANTAN
BTS,BASTA
DNM,DHANMANDAL
SIL,SAKHI GOPAL
GMDN,GIRIMAIDAN
SLB,SALBONI
CDGR,CHANDRAKONA RD
GBA,GARHBETA
ODM,ONDAGRAM
JPH,JHANTIPAHARI
ANR,ANARA
MID,MADHI
AGN,AMGAON
BPHB,BHILAI PWR HS
BMB,BAMRA
GP,RAJGANGPUR
BANO,BANO
KASR,KANAS ROAD
DEG,DELANG
KAPG,KALUPARA GHAT
KIT,KHALLIKOT
NRLR,NORLA ROAD
NPD,NAWAPARA ROAD
WSA,WADSA
ULB,ULUBARIA
MCA,MECHEDA
KATI,KANTHI P H
RMRB,RAMNAGAR BENGAL
DGHA,DIGHA
RKSN,RAJKHARSAWAN JN
GOL,GOILKERA
MOU,MANOHARPUR
BNDM,BONDAMUNDA
RGL,RENGALI
HKG,HIRAKUD
BRPL,BARPALI
DJX,DUNGRIPALI
LSX,LOISINGHA
SFC,SAINTALA
RMT,RAMGARH CANT
SBDR,SONBHADRA
JPL,JAPLA
NBG,NABINAGAR ROAD
JSGR,JHARSUGUDA ROAD
SNTD,SANTALDIH
BGY,BANGRIPOSI
BWO,BURAMARA
KUCE,KUCHAI
JSE,JAMSOLE
KCV,KRISHNA CH PURA
JOL,JOGAL
JRG,JUGPURA
TKH,THAKURTOTA
MKO,MARKONA
MCS,MANCHESWAR
NQR,NARAJ MARTHAPUR
MRDL,MERAMANDOLIL
BONA,BOINDA
RAIR,RAIRAKHOL
MUT,MEERUT CANT
SKF,SAKHOTI TANDA
PBR,PORBANDAR
BNVD,BHANVAD
LPJ,LALPUR JAM
UJA,UNJHA
PTRD,PATAUDI ROAD
DZA,DASUYA
CRWL,CHAK RAKHWAL
ADH,ANDHERI
AML,AMALSAD
MRL,MAROLI
SCH,SACHIN
VS,VISHVAMITRI
EKNR,EKTA NAGAR
KIM,KIM
KSB,KOSAMBA JN
PLJ,PALEJ
MYG,MIYAGAM KARJAN
VR,VIRAR
SGD,SONGADH
JVN,JORAVARNAGAR
VDV,VADIYA DEVLI
KKV,KUNKAVAV JN
CTL,CHITAL
KJV,KHIJADIYA JN
LAT,LATHI
DCK,DHANDHUKA
SEJ,SARKHEJ
WSJ,WANSJALIYA
JDH,JAM JODHPUR JN
UA,UPLETA
DISA,DISA
DEOR,DIYODAR
RDHP,RADHANPUR
AAR,ADESAR
THDR,THANDLA RD
BUDI,BUNDI
MLGH,MANDALGARH
LM,LIMBDI
RUR,RANPUR
SOJN,SIHOR GUJARAT
BVP,BHAVANAGAR PARA
BIH,S HIRDARAMNAGAR
ZW,ZAWAR
DNRP,DUNGARPUR
SJS,SHAMLAJI ROAD
HMT,HIMMATNAGAR
NHM,NANDOL DEHEGAM
ASV,ASARVA JN
GHNA,GOHANA
SOD,SOJAT ROAD
FAN,FATEHNAGAR
MDL,MANDAL
GBP,GULABPURA
JOB,ASALPUR JOBNER
SRP,SERAMPORE
ACND,A N DEV NAGAR
SLW,SOHWAL
DYD,DARYABAD
SGJ,SAFDARGANJ
SAN,SANDILA
AJI,ANJHI SHAHABAD
TLH,TILHAR
PMR,PITAMBARPUR
NRS,NAGARIA SADAT
JWP,JWALAPUR
RWL,RAIWALA
YNRK,YOG N RISHIKESH
NHT,NALHATI JN
MRR,MURARAI
RJG,RAJGRAM
TDLE,TILDANGA
PRGR,PINARGARIA
SKIP,SIKARIPARA
DUMK,DUMKA
BRPS,BARAPALASI
NNHT,NONIHAT
SHE,SEORAPHULI
MGAE,MORGRAM
SDI,SAGARDIGHI
DKGS,DINKAR GRAM SIM
BCA,BACHWARA JN
NAZJ,NAZIRGANJ
UJP,UJIARPUR
GRL,GORAUL
DDP,DAUDPUR
CW,CHAINWA
ZRDE,JIRADEI
BHTR,BHATPAR RANI
CC,CHAURI CHAURA
ROZA,ROZA JN
VDS,VIDYASAGAR
RNPR,RUPNARAYANPUR
RGH,RAMGARHWA
STJT,SATHAJAGAT
TPH,TINPAHAR JN
PPT,PIRPAINTI
AKN,AKBARNAGAR
SRY,SIRARI
SHK,SHEIKPURA
KSC,KASHI CHAK
WRS,WARIS ALEGANJ
TIA,TILAYA
ADST,ADI SAPTAGRAM
MUG,MAGRA
TLO,TALANDU
KHN,KHANYAN
PDA,PUNDOOAH
KPK,KALIPAHARI
BCQ,BARACHAK
SLS,SALANPUR
MNC,MADANKATA
JRW,JORAMOW
MUW,MATHURAPUR
SNQ,SANKARPUR
KBQ,KUMRABAD ROHINI
LHB,LAHABON
STL,SIMULTALA
NRGO,NARGANJO
DPX,DADPUR
GHR,GIDHAUR
MNP,MANANPUR
DMRX,DUMRI HALT
TALL,TALL JN
MKB,MANKATHA
BSQP,BANSIPUR
BLY,BALLY
BOI,BAINCHI
MYM,MEMARI
SDLE,SWADINPUR
CTR,CHATRA
BSBR,BANSHLAI BRIDGE
NGF,NAGARNABI
TBB,TILBHITA
KLP,KOTALPUKUR
GMAN,GUMANI
BKLE,BAKUDI
DDX,DHAMDHAMIA
KXE,KALIAN CHAK
TLJ,TALJHARI
KPTO,KARANPUR ATO
MJP,MOHARAJPUR
SLJ,SAKRIGALI JN
KRMA,KARAMTOLA
MZC,MIRZA CHEUKI
SVRP,SHIVANARAYANPUR
BKSL,BIKRAM SHILA
EKC,EKCHARI
GGA,GHOGA
LMM,LAILAKH MAMLKHA
SBO,SABAUR
NAT,NATHNAGAR
MPY,MURARPUR
MVV,MAHESHI
GNNA,GANGANI
KPRD,KALYANPUR ROAD
RPUR,RATANPUR
DRTP,DASHARATHPUR
MSDN,MASUDAN
UREN,UREN
DNRE,DHANAURI
HTZU,HATHIDAH UPPER
RJO,RAJENDRA PUL
TGA,TEGHRA
MKPR,MUKTAPUR
KSP,KISHANPUR
RBZ,RAMBHADDARPUR
TLWA,THALWARA
KKHT,KAKARGHATTI
BJIH,BIJULI HALT
TRS,TARSARAI
UGNA,UGNA HALT
PDW,PANDAUL
RJA,RAJANAGAR
LLPR,LALIT LAKSHMIPR
KJI,KHAJAULI
KRHA,KORAHIA
BSAE,BANSH BARIA
TBAE,TRIBENI
KJU,KUNTIGHAT
DMLE,DUMURDAHA
KMAE,KHAMARGACHHI
JIT,JIRAT
BGAE,BALAGARH
SOAE,SOMRA BAZAR
BHLA,BEHULA
GPAE,GUPTIPARA
ABKA,AMBIKA KALNA
BGRA,BAGHNAPARA
DTAE,DHATRIGRAM
SMAE,SAMUDRAGARH
KGLE,KHAGRAGHAT ROAD
GALE,GANKAR
AHN,AHIRAN
SPLE,SUJNIPARA
NILE,NIMTITA
BDBP,BASUDEBPUR H
DGLE,DHULIAN GANGA
CMX,CHAMAGRAM
KTJ,KHALTIPUR
JMQ,JAMIRGHATA
GZM,GOUR MALDA
BKRD,BHALUKA ROAD F
LAV,LABHA
MGLE,MANIGRAM
ACLE,AZIMGANJ CITY
LCAE,LALBAGH CRT RD
BZLE,BAZARSAU
TYAE,TENYA
SALE,SALAR
PSAE,PURBASTHALI
KML,KAMTAUL
JNR,JANAKPUR ROAD
GRH,GHORASAHAN
KJME,KAJORAGRAM
UKA,UKHRA
PAW,PANDABESWAR
BMGA,BHIMGARA
PCR,PANCHRA
DUJ,DUBRAJPUR
CPLE,CHINPAI
KOX,KACHUJOR
BSKH,BASUKINATH
GRMA,GHORMARA
DGHR,DEOGHAR
RGJ,RAIGANJ
KAJ,KALIYAGANJ
RDP,RADHIKAPUR
EKI,EKLAKHI
GZO,GAZOLE
BNDP,BUNIADPUR
GRMP,GANGARAMPUR
BLGT,BALURGHAT
VPDA,VIDYAPATIDHAM
MOG,MOHIUDDINNAGAR
SPP,SHAHPUR PATOREE
MNO,MEHNAR ROAD
DES,DESARI
STLR,SITALPUR
STW,SAHATWAR
DAKA,DHAKA
KLNB,KHULNA
DACT,DHAKA CANTT
RSR,RASRA
BLK,BELAKOBA
NMX,NEW MAYNAGURI
GDX,GHOKSADANGA
BNXR,BIDHAN NAGAR
DAKE,DAKHINESWAR
DHH,DINHATA
BXT,BAMANHAT
NAK,NAKSALBARI
BNQ,BANARHAT
HOJ,HAMILTONGANJ
PSB,PARSABAD
TKN,TANKUPPA
KEI,KASHI
GGJ,GOSHAINGANJ
CBJ,CLUTTERBUCKGANJ
MIL,MILAK
OMLF,OLD MALDA
ADF,ADINA
DOTL,DEOTALA
DLPH,DAULATPUR HAT
RMPB,RAMPUR BAZAR
MKRH,MALLICKPUR HAT
JGA,JOGIARA
SMO,SEMAPUR
CRR,KARAGOLA ROAD
KUE,KURSELA
THB,THANA BIHPUR JN
NNR,NARAYANPUR
MSK,MAHES KHUNT
KFA,KOPARIA
FGR,FATEHGARH
BNKI,BANMANKHI JN
MRIJ,MURLIGANJ
DMH,DAURAM MADHPURA
KAMG,KAMAKHYAGURI
NGAN,NAGAON
JKB,JAKHALABANDHA
SHTT,SILGHAT TOWN
KYT,KAILAHAT
MNF,MANDA ROAD
MJA,MEJA ROAD
BHB,BADLA GHAT
SKJ,SAHIBPUR KAMAL
PYHT,PRAYAHAT HALT
DWLE,DHAUNI
POE,PAWAPURI ROAD H
BAKA,BANKA
MRHA,MURAHARA
TELY,TELIA HALT
PNSA,PUNSIA
HPLE,HATPURAINI
PPN,PUNPUN
PFT,POTHAHI
NDW,NADWAN
NDU,NADAUJ
THA,TEHTA
MDE,MAKHDUMPUR GAYA
BELA,BELA
KSTA,KASTHA
PRY,PARAIYA
IMGE,ISMAILPUR
JHN,JAKHIM
BHKH,BAGHOIKUSA
PES,PHESAR
SEB,SON NAGAR
TETA,TELTA
SUD,SUDHANI
AZR,AZAMNAGAR ROAD
KWE,KHURIAL
LKN,LAKHMINIA
BKG,BANKA GHAT
GHX,GARHARA
GQN,GARHANI
PIRO,PIRO
XBKJ,BIKRAMGANJ
KMGE,KUMAHU
DJG,DULIAJAN
NAM,NAMRUP
BEH,BAGDIHI
GMH,GAMHARIA
PEH,PATHARDIH JN
JAA,JHALIDA
TET,TETULMARI
BTP,BABATPUR
KSF,KHALISPUR
JLL,JALALGANJ
MIH,MIHRAWAN
KS,KHETA SARAI
BWI,BILWAI
BLG,BILHAR GHAT
PTH,PATRANGA
KNT,KANTH
RAA,BARARA
GVG,MANDIGOVINDGARH
BZG,BILGA
NRM,NURMAHAL
NRO,NAKODAR JN
MQS,MALSIAN SHAHKHT
LNK,LOHIAN KHAS JN
MXH,MAKHU
TELO,TELO
PNW,PUNDHAG
BHKD,BHURKUNDA
URD,UNTARE ROAD
KVQ,KOSIARA
HDN,HAIDARNAGAR
MDJ,MUHAMMADGANJ
RMF,RAMNA
KSX,KOTSHILA
GBX,GOVINDPUR ROAD
NXN,NUAGAON
ATS,ATTABIRA
TUVR,TURAVUR
MAKM,MARARIKULAM
CJM,CHINNA GANJAM
GVN,GODAVARI
RPR,RAGHUNATHPUR
CSA,CHAUSA
KNS,KANCHAUSI
BURN,BURNPUR
MDKD,MADHUKUNDA
MDF,MURADI
KND,KANDRA
GNG,GAURIGANJ
BAGL,BARAGOPAL
DRI,DUMRI JUARA
GJH,GOLDINGANJ
SRU,SALEMPUR JN
LRD,LAR ROAD
JKN,JAKHANIAN
DER,DADRI
SKN,SRIKRISHN NAGAR
LBA,LAMBHUA
NDJ,NANDGANJ
GHB,GAHRI BHAGI
SGA,SHERGARH
MKBH,MANWALA KOT BAK
BNLS,BANGI NIHALSNGH
RMN,RAMAN
RKK,RATANGRH KNKWAL
KNL,KALANWALI
SCV,SUKHCHAIN
BGD,BARA GUDAH
BJKN,BAJEKAN
SHN,SUCHAN KOTLI
JOK,JODHKA
DING,DING
MHUL,MAHUWALA HALT
BHT,BHATTU
KBKN,KHABRA KALAN
ADR,MANDI ADAMPUR
JKHI,JAKHODLKHERA
NKN,NYOLI KALAN
STD,SATROD
MAYR,MAYAR
HNS,HANSI
AUN,AURANG NAGAR
JKZ,JITAKHERI
BWK,BAWANI KHERA
SUI,SUI
MHU,MANHERU
CKD,CHARKHI DADRI
PUW,PATUWAS MEHRANA
JRL,JHARILI
SDRA,SUDHRANA
KSI,KOSLI
NLQ,NANGAL PATHANI
JTS,JATUSANA
KGBS,KISHENGARH BLWS
KIP,KHALILPUR
IHP,INCHHAPURI
JSKA,JATAULA SAMPHKA
PT,PATLI
BDXT,BASAI DHANKOT
BWSN,BIJWASAN
SMDP,SHAHABAD MD.PUR
PM,PALAM
PTNR,PATELNAGAR
PRTP,PARTAPUR
MUZ,MOHIUDDINPUR
MDNR,MODINAGAR
MUD,MURADNAGAR
DXH,DUHAI
GUH,GULDHAR
GZN,N GHAZIABAD
ANVR,ANAND VIHAR
CSB,SHIVAJI BRIDGE
DSB,SADAR BAZAR
VVKP,VIVEKNNDAPURI H
DBSI,DAYABASTI
BHX,BULLUANA
PKK,PAKKI
PJK,PANJ KOSI
HMK,HINDUMALKOTE
FTH,FATUHI
TDO,TANDA URMAR
CHNR,CHHAN ARORIAN
LHA,LEHRA GAGA
SFMU,SUNAM UDHAM S W
PTK,PATHANKOT
DWO,DOIWALA
BHD,BADLI
FGSB,FATEHGARH SAHIB
BSPN,BASSI PATHANAM
KRLI,KURALI
GANL,GHANAULI
AEL,ATELI
DBLA,DABLA
KAWT,KANWAT
RNW,RENWAL
MWT,MARWAR LOHWAT
AQG,ASHAPURA GOMAT
SNX,SANEH ROAD
RG,RAJGHAT NARORA
BBA,BABRALA
BJ,BAHJOI
CNK,CHANDOK
SCI,SANCHI
KAP,KALIANPUR
BJR,BARRAJPUR
BLU,BILHAUR
GHJ,GURSAHAIGANJ
KLJ,KAMALGANJ
NBUE,NIBKARORI
LHLL,LAHLI
KHRK,KHARAK
BMU,BAMHRAULI
MRE,MANAURI
SYWN,SAIYID SARAWAN
KGA,KHAGA
JGR,JASWANTNAGAR
KJY,KHURJA CITY
BSC,BULANDSHAHR
BARL,BARAL
SAW,SURIAWAN
BSE,BADSHAHPUR
MBDD,MAA BARAHI D DH
KCJ,KASIMPUR
HCP,HARCHANDPUR
BCN,BACHHRAWAN
ANTU,ANTU
PYGS,PRAYAGRAJSANGAM
PRG,PRAYAG
KHNM,KUNDA HARNAMGNJ
UCR,UNCHAHAR JN
NHN,NIGOHAN
DDDM,DEEN DAYAL DHAM
AST,ASAOTI
FDN,FARIDABAD NW TN
PFM,PHAPHAMAU JN
LGO,LALGOPALGANJ
GRMR,GARHI MANIKPUR
PQN,PARIAWAN K.K.RD
LMN,LACHHMANPUR
RMC,RAM CHAURA ROAD
JPD,JALALPUR DHAI
DMW,DALMAU JN
LLJ,LALGANJ
RRS,RAGHURAJ SINGH
TQA,TAKIA
BQP,BIGHAPUR
DGO,DURGAUTI
MOTC,MOTICHUR
GAUR,GAUR
TH,TINICH
MEM,MAU AIMMA
SBTJ,SHANIDEV D SBTJ
KDF,KHUNDAUR
PPU,PIPARPUR
KBE,KUREBHAR
KJA,KHAJURHAT
MEQ,MALETHU KANAK
SFH,SAFEDABAD
JRR,JUGAUR
ML,MALHOUR
BLPU,BILPUR
KAT,KHATAULI
LMNR,LAKSHMIBAI NGR
KHRJ,KUMBHRAJ
MKH,MALAKHERA
SEU,SENDRA
ETUE,ETMADPUR
BTO,BHITAURA
CBK,CHACHAURA BNGJ
SNLR,SANTALPUR
TAPA,TAPA
BRW,BARIWALA
MKS,MUKTSAR
LKW,LAKHEWALI
FKA,FAZILKA
BTIC,BATHINDA CANTT.
VRH,VIRBHADRA
RKSH,RISHIKESH
SMBX,SAMBA
JGN,JAGRAON
MOGA,MOGA
TWB,TALWANDI
BPZ,BAZPUR
PTKD,PATHARKANDI
UCA,UCHANA
HRW,HARRAWALA
QSR,KANSRAO
PRI,PATHRI
IKK,IKKAR
BU,BASWA
HSI,HARSAULI
BWL,BAWAL
IAA,INDARA JN
UTL,UTARLAI
DOR,DUNDARA
BANE,BASNI
LNH,LACHHMANGARH SK
GND,GOVINDGARH MALK
SOS,SOMESAR
NANA,NANA
SRPJ,SWARUPGANJ
CHP,CHHAPI
SID,SIDDHPUR
KLL,KALOL
AIA,AJARAKA
PSL,PARISAL
MWW,MAHWA
DGW,DHIGAWARA
SRRG,SURER
GLNA,GOLANA HALT
ARNA,ARNIA
KVGM,KOLVAGRAM
BAK,BHAN KARI
JW,JATWARA
BSKO,BANSKHO
JHIR,JHIR
BAI,BASSI
KUT,KANAUTA
KWP,KHATIPURA
DZB,DAHINA ZAINABAD
MHJ,MAHAJAN
AS,ARJANSAR
JBD,JALLALABD
GHS,GURU HARSAHAI
BNO,BANAR
KSW,KHERI SALWA
PPR,PIPAR ROAD JN
KXG,KHARIA KHANGARH
KJW,KHAJWANA
BWS,BADWASI
BDWL,BIRADHWAL
PTRL,PATHRALA
DZL,DHANA LADANPUR
FGH,FATEHGARH HRYNA
MJNL,MAJRI NANGAL
KNAR,KHANPUR AHIR
GAL,GHATLA
GZKA,GAZIKA
OTD,OOTWAD
RAH,RAMGARH
JBS,JADOLI KA BAS
GVH,GOVINDGARH
JREA,JHAREDA
BEDM,BEDHAM
BEHJ,BEHAJ
RAKD,RADHAKUND
MROA,MORA
BTSR,BHUTESHWAR
FSW,FATEH SINGHWALA
BDSW,BUDHSINGHWALA
BUGL,BUGLANWALI
HLW,HIRNAWALI
JRKN,JORKIAN
TLI,TALWARA JHIL
KNNA,KHINANIYAN
HR,HARPALU
STNL,SATNALI
NWN,NANWAN
NDRT,NANGAL DEGROTA
BJWS,BOJAWAS
GRKA,GURHA KEMLA
KNNK,KANINA KHAS
IRA,ISRANA
DKT,DHULKOT
HP,HARIPUR
RLR,RAILA ROAD
GGR,GANGRAR
SMP,SHAMBHUPURA
MLG,MALHARGARH
PIP,PIPLIA
DLD,DALAUDA
DOD,DHODHAR
JAO,JAORA
NLI,NAMLI
JWO,JAWAD ROAD
OSN,OSIYAN
MMY,MARWAR MATHANYA
JUCT,JODHPUR CANTT
UMED,UMED
JAC,JALSU
BSRL,BESROLI
BOW,BORAWAR
HDA,HIRNODA
BOBS,BOBAS
DNK,DHANAKYA
SNGN,SANGANER
SAS,SHDSPRA PADMPRA
CKS,CHAKSU
CHNN,CHANNANI
SRAS,SIRAS
DPZ,DEVPURA
RWJ,RAWANIA DUNGAR
AMLI,AMLI
KPZ,KAPREN
KPTN,KESHORAI PATAN
ATH,ANTAH
SYL,SALPURA
SHDR,SHADHORAGAON
PIA,PIPRAIGAON
KAH,KALHAR
BET,BARETH
SMT,SALAMATPUR
BCU,BHUCHCHU
MNSR,MANAKSAR
BKO,BINDKI ROAD
HDK,HANDIA KHAS
DLR,DULLAHAPUR
GB,GAURI BAZAR
SDT,SADAT
KER,KIRIHRAPUR
DMG,DOMINGARH
JTB,JAGATBELA
MHH,MAGHAR
SIPR,SIHAPAR
GKC,GORAKHPUR CANT
HA,HARGAON
LMP,LAKHIMPUR
GK,GOLA GOKARANATH
MLN,MAILANI
BSKR,BASI KIRATPUR
BHI,BAHERI
PBW,PANTNAGAR
PPC,PIPRAICH
DRN,DEORANIAN
GUB,GULARBHOJ
CUK,CHURK
LUSA,LUSA
SKGH,SAKTESGARH
MJZ,MAJHOLA PAKARYA
SKTN,SHAKTI NAGAR
ANPR,ANPARA
GTST,GAUTAMSTHAN
MHT,MANJHI
ROI,REOTI
CHR,CHILKAHAR
RTP,RATANPURA
SAA,SATHIAON
SWPR,SEWAPURI
MCDA,MA CHANDIKA D D
RKL,RAMKOLA
POU,PADRAUNA
DUE,DUDAHI
TOI,TAMKUHI ROAD
THE,THAWE JN
GOPG,GOPALGANJ
DWDI,DIGHWA DUBAULI
RPV,RAJAPATTI
MHC,MASRAKH
MEW,MARHAURA
CI,CHHAPRA KACHERI
DHE,DOBHI
KCT,KIRAKAT
PRF,PARSIPUR
MOF,MONDH
GRX,GAURA
CIL,CHILBILA JN
MFL,MISRAULI
FTG,FURSATGANJ
MLD,MALIHABAD
RBD,RAHIMABAD
DIL,DILAWARNAGAR
KKJ,KAKORI
LNWT,LUCKNOW WEST (A
SQN,SARAI KANSRAI
CHH,CHAUKHANDI
CBN,CHIT BARAGAON
KMDR,KARIMUDDIN PUR
JTI,JAITHARI
MND,MUNDERWA
GTM,GHATAMPUR
BSZ,BHARWA SUMERPUR
MJL,MAJHOWLIA
BRU,BHAIROGANJ
PNYA,PANIAHWA
KZA,KHADA
GH,GHUGHULI
TSF,TAHSIL FATEHPUR
MMB,MAHMUDABAD AVDH
BVN,BISWAN
SPC,SITAPUR CITY
MHI,MANIHARI
MHPR,MAHIYARPUR
MNS,MANSHAHI
SLNA,SALAUNA
NRN,NARHAN
TFGN,TUFANGANJ
PSR,PASRAHA
BXP,BARPATHAR
TTB,TITABAR
NCH,NAKACHARI
AGI,AMGURI
NMT,NAMTIALI
LXA,LAKSWA
BOJ,BHOJO
SPK,SAPEKHATI
BFD,BORHAT
TSK,TINSUKIA JN
MJN,MAKUM JN
DBY,DIGBOI
MRG,MARGHERITA
LEDO,LEDO
CGS,CHANGSARI
KTX,KATAKHAL JN
MJBT,MAJBAT
GPZ,GOHPUR
BDLN,BORDOLONI
SPTR,SILAPATHAR
SMCP,SIMEN CHAPARI
TQM,TELAM
MZS,MURKONGSELEK
HTL,HATIKHALI
DBLG,DIBOLONG
LGT,LANGTING
DKE,DIHAKHO
MUPA,MUPA
KQI,KALACHAND
WDA,WADRENGDISA
DJA,DAOTUHAJA
PDJ,PHIDING
MXR,MAHUR
MGE,MIGRENDISA
JGLP,JATINGA LUMPUR
DTC,DITOKCHERRA
BXK,BANDARKHAL
DCA,DAMCHERA
CNE,CHANDRANATHPUR
BHZ,BIHARA
HLX,HILARA
SQF,SUKRITIPUR
KXJ,KARIMGANJ JN
BRGM,BARAIGRAM JN
DLCR,DULLABCHERRA
SRTN,SIBSAGAR TOWN
BNGN,BONGAIGAON
BJF,BIJNI
CBZ,CHURAIBARI
KKGT,KALKALIGHAT
NLBR,NILAMBAZAR
BXG,BHANGA
KWM,KAMPUR
GLGT,GOLAGHAT
BBGN,BARUA BAMUNGAON
MVI,MORBI
NMGY,NUMALIGARH
KUTI,KHUMTAI
BLPR,BADULIPAR
RNGG,RANGALITING
MOBD,MOABUND
BLMR,BHALUKMARA
CMA,CINNAMARA
MRHT,MORANHAT
BZN,BAGNAN
SVQ,SIVOK
CLD,CHALSA JN
MDT,MADARIHAT
RVK,RAJA BHAT KHAWA
SKHV,SUKHOVI
DSR,DHANSIRI
TBH,TATIBAHAR
GMTO,GUMTO
BGND,BAGINADI
SBE,SORBHOG
AVN,ANAVARDIKHANPET
BID,BIDADI
SFM,SUNAM
BZO,BARSOLA
JNA,JULANA
EKM,EKAMBARAKUPPAM
ABU,AMBATTUR
CTRE,CHITTERI
VLT,VALATHOOR
MPI,MELPATTI
YP,ERRUPALEM
AYV,ARYANKAVU
PUU,PUNALUR
AVS,AUVANESWSAREM
KKZ,KOTTARAKARA
KUV,KUNDARA
TLM,TIRUSULAM
MTL,MAILAM
CBU,C BABUSAMUDRAM
PNDM,PENNADAM
NNN,NANGUNERI
AAY,ARALVAYMOZHI
ERL,ERANIEL
KZT,KULITTHURAI
NYY,NEYYATTINKARA
CRY,CHIRAYINKEEZH
PVU,PARAVUR
PNQ,PUNKUNNAM
GUV,GURUVAYUR
KLT,KULITALAI
PGR,PUGALUR
KMD,KODUMUDI
UKL,UTTUKULI
PLMD,PILAMEDU
KN,KADALUNDI
KPQ,KANNAPURAM
KQK,KOTIKULAM
KMQ,KUMBLA
MMH,MAHADANAPURAM
PEM,PERALAM JN
KDE,KORADACHERI
MQ,MANNARGUDI
BAL,BUDALUR
IPL,IDAPLLI
NG,NAGARI
TLGP,TALGUPPA
SRF,SAGAR JAMBAGARU
ANF,ANANDAPURAM
ARU,ARASALU
KMSI,KUMSI
MWM,MALLESWARAM
CMNR,CHAMARAJANAGAR
NTW,NANJANGUD TOWN
CMJ,CHAMARAJAPURAM
NYH,NAYANDAHALLI
BYPL,BAIYYAPPANAHALI
TCL,TYAKAL
KSM,KAMASAMUDRAM
GDP,GUDUPULLI
MAR,MULANUR
PU,PATCHUR
NHY,NAGANAHALLI
Y,YELIYUR
SME,SHIVAMOGGA H
KTM,KUTTALAM
ADT,ADUTURAI
TRB,TIRUVERUMBUR
TDN,TIRUPARANKNDRM
PCV,PALAKKODU
PVRD,PIRAVAM ROAD
ETM,ETTUMANUR
CYN,CHERIYANAD
KPY,KARUNAGAPALLI
STKT,SASTHANKOTTA
MYY,MAYYANAD
KVU,KADAKAVUR
MNTT,MULANTURUTTI
PUK,PUDUKAD
TUA,TIRUNNAVAYA
PYOL,PAYYOLI
VLI,VALLIKUNNU
KGD,KALLIGUDI
BJM,BHAGAVATHIPURAM
AYVN,NEW ARYANKAVU
EDP,EDAPALAYAM
KTHY,KALTHURUTHY
TML,TENMALAI
OKL,OTTAKKAL
EDN,EDAMANN
KIF,KURI
EKN,EZHUKONE
KFV,KUNDARA EAST
CTPE,CHANDANATTOP
KLQ,KILIKOLLUR
KRPP,KURUPPAN TARA
KLMR,KALAMASSERI
OLR,OLLUR
KUC,KARUKKUTTY
MQO,MUNROTURUTTU
PGTN,PALGHAT TOWN
KLGD,KOLLENGODE
DINR,DIVINE NAGAR
ELM,ELIMALA
TKQ,TRIKARPUR
BFR,BEKAL FORT
VPZ,VAILAPUZHA
CQA,CHERUKARA
AAM,ANGADIPPURAM
PKQ,PATTIKKAD
MLTR,MELATTUR
TUV,TUVVUR
VNB,VANIYAMBALAM
NIL,NILAMBUR ROAD
CJ,KANCHIPURAM
APK,ARUPPUKKOTTAI
PVI,PERAVURANI
PASA,PARASHSHALA
CNPA,CHANNARAYAPATNA
NMGA,NELAMANGALA
DAVM,DHANUVACHAPURAM
KZTW,KULITTURAI WEST
PYD,PALLIYADI
SHV,SHIVANI
HLK,HOLALKERE
AMC,AMRITAPURA
KDN,KUDATINI
BDGU,BUDAGUMPA
JBGD,JABBALGUDDA
CKBK,CHIKKABENAKAL
GGVT,GANGAVATHI
SRNM,SRIRAMANAGAR H
SIDG,SIDDAPUR GRAMA
KTGG,KARATAGI
ATU,ATTUR
CHSM,CHINNA SALEM
BSN,BANASANDRA
PCH,PACHHAPUR
GKK,GOKAK ROAD
CKR,CHIKODI ROAD
CNC,CHINCHLI
UGR,UGAR KHURD
MTU,MATMARI
PNF,PANGAON
VAPM,VALAPATTANAM
PMK,PARAMAKKUDI
DKO,DEVAKOTTAI ROAD
MQU,MURUKKAMPUZHA
UAA,UPPALA
ULL,ULLAL
KXP,KANIYAPURAM
EVA,EDAVAI
MMM,MANDAPAM
RASP,RASIPURAM
BHTA,BHATIYA
KAL,KALLAL
PRND,PERINAD
OCR,OCHIRA
SXT,SALEM TOWN
PTKP,POTKAPALLI
KOLR,KOLNUR
MMZ,MANDAMARI
RECH,RECHNI ROAD
ASAF,ASIFABAD ROAD
NKP,NIRAKARPUR
SWNI,SIWANI
ANKX,ANK MMR DIRECT
MXT,MALAKPET
FM,FALAKNUMA
BDVL,BUDVEL
TMX,TIMMAPUR
HBLN,HBL NAGAR
SBBJ,SBB JOGULAMBA H
MNL,MINCHNAL
KTK,KYATANEAKERI RD
NBL,NIMBAL
CHRG,CHORGI
PDNR,PADNUR
TVL,TADWAL
SLGE,SULERJAVALGE
GDGN,GAUDGAON.
SVG,SAWALGI
BBD,BABLAD
HQR,HIRENANDURU
RMY,RUKMAPUR
RPK,RAVALPALI KALAN
HFZ,HAFIZPETA
KQD,KHAIRATABAD
AKE,AKANAPET
MZL,MIRZAPALLI
BMO,BOLARUM
PDKN,PEDAKAKANI HALT
NBR,NAMBURU
BKL,BONA KALU
MLY,MAULA ALI
NRT,NARASARAOPET
MRK,MARKAPUR ROAD
CBM,CUMBUM
GID,GIDDALUR
NDL,NANDYAL
VKN,VINUKONDA
BGNP,BANAGANAPALLE
KLKA,KOILAKUNTLA
JMDG,JAMMALAMADUGU
PRDT,PRODDATUR
GYF,GOOTY FORT
GLP,GOLLAPROLU
KYM,KADIYAM
MDVL,MANDAVALLI
PDL,PENDEKALLU
MLK,MALKAPURAM
RGM,RANGAPURAM
BMH,BETAMCHERLA
BEY,B CEMENT NAGAR
KEF,KRISHNAMMAKONA
PNM,PANYAM
GZL,GAZULAPALLI
DMT,DIGUVAMETTA
JBK,JGMBLA KSHNPRM
DKD,DONAKONDA
KCD,KURICHEDU
PRCA,PERECHERLA
PPM,PHIRANGIPURAM
CHZ,CHARLAPALLI
RGP,RAGHUNATHPALLI
PQL,PINDIAL
HSP,HASANPARTI RD
BGSF,BISUGIRSHARIF
KYOP,KOTTAPALLI
RGPM,RAGHAVAPURAM
PPZ,PEDDAMPET
PGU,PADUGUPADU
VKT,VENKATACHALAM
TADA,TADA
GPD,GUMMIDIPUNDI
PON,PONNERI
PRH,POWERPET
BMD,BHIMADOLU
TGU,TARIGOPPULA
YPD,YERPEDU
YLK,YELLAKARU
NDZ,NIDIGALLU
VDD,VENDODU
KQA,KONDAGUNTA
TNR,TANGUTURU
ANB,AMMANABROLU
VTM,VETAPALEM
TSR,TSUNDURU
PVD,PEDDAVADLAPUDI
GJJ,GAJJELAKONDA
TLU,TARLUPADU
SDV,SOMIDEVIPALLE
VDI,VELDURTI
MDUN,MADHURANAGAR
RMV,RAMAVARAPPADU
NDM,NIDAMANURU
UPL,UPPALUR
IDP,INDUPALLI
DPD,DOSAPADU
PCU,PUTLACHERUVU
UNDI,UNDI
SGKM,SRUNGAVRUKSHAM
LKDU,LANKALAKODERU
OTR,MOTURU
IMR,IBRAHIMPUR
TVG,TAVARGATTI
MGD,MUGAD
MKR,MADDIKERA
TGL,TUGGALI
LMD,LINGANENIDODDI
MYL,MALLIYALA
SYM,SAVALYAPURAM JN
SAB,SANTAMAGULUR
NDPU,NUDURUPADU
NLPD,NALLAPADU JN
MYK,MAYAKONDA
KAG,KODAGANUR
KJG,KARAJGI
KVS,KALSUR
SVNR,SAVANUR
KALS,KALASA H
GDI,GUDGERI
SNH,SAUNSHI
KNO,KUNDGOL
DIG,DUGGIRALA
YADD,YADADRI
TKR,TAKARI
KAD,KHANDALA
MMS,MANDASA ROAD
HPGM,HARIPURGRAM  JN
BVL,BIKKAVOLU
MPU,MEDAPADU
GT,GHATKESAR
VJA,VEJANDLA
CIV,CHINNARAVURU
VMU,VEMURU
BQU,BHATTIPROLU
POA,PALLIKONA
RAL,REPALLE
STPD,SITAFAL MANDI
NAVI,NEW AMRAVATI
WLGN,WALGAON
CNDB,CHANDUR BAZAR
MRSH,MORSHI
HKR,HIWARKHED
WOC,WARUD ORANGE CT
SJL,SGM JAGARLAMUDI
BMKD,BELLAMKONDA
SSPD,SADASHIVAPET RD
MRF,MARPALLI
KOHR,KOHIR DECCAN
MTV,MATALKUNTA
KHNP,KANAPUR
HBU,HALBARGA
KCP,KALGUPUR
KMNR,KAMALNAGAR
HER,HER
CKX,CHAKUR
WDLN,WADWAL NAGNATH
JOA,JANWAL
GTU,GHAT NANDUR
WDN,VADGAON NILA
PKNS,POKHARNI NRSNHA
PIZ,PINGLI
MQL,MIRKHAL
KTKR,KUMTHA KHURD
KRPR,KAREPUR
RNE,RANJANI
BDU,BADNAPUR
MKDD,MUKUNDAWADI HA
AMBR,AMBIKA ROHINA
CLE,CHINTALPALLI
YGL,YELGUR
INK,INTEKANNE
PCZ,POCHARAM
GHPU,GANDHIPURAM HAL
GUU,GUNDRATIMADUGU
TAA,TADLA PUSAPALLI
MOB,MANOHARABAD JN
NVT,NAVIPET
ME,MASAIPET
GWV,GOWDAVALLI
ANK,ANKAI
KEK,KARKHELI
GPH,GARPOS
BVA,BAURIA JN
FLR,PHULESWAR
CJN,CHHATNA
SRJM,SIRJAM
IBL,INDRABIL
MYX,METYAL SOHAR
GRB,GARH DHRUBESWAR
KSU,KUSHTAUR
TAO,TAMNA
KTD,KANTADIH
URMA,URMA
BRMD,BIRAMDIH
NIM,NIMDIH
MIK,MANIKUL
KZU,KUNKI
MMV,MAHALI MARUP
BRM,BARABAMBO
SNKR,SANKA
RUI,RUKNI
SBW,SBEWBABUDIH
TLE,TALGARIA
MHQ,MAHUDA
JNN,JANUNIATNA
TKB,TUPKADIH
NYA,NARAYANGARH
VKD,BAKHRABAD
NSI,NIKURSINI
LXD,LAKSHANNATH RD
RGT,RAJGHAT
ARD,AMARDA ROAD
NMBR,N MAYURBHANJ RD
HIP,HALDIPADA
NGRD,NILGIRI ROAD
KHF,KHANTAPARA
BNBR,BAHANAGA BAZAR
RNTL,RANITAL
KED,KENDUAPADA
MZZ,MANJURI ROAD
BTV,BAITARANI ROAD
KIS,KAPILAS ROAD
GHNH,GHANTIKHAL NDPR
BRAG,BARANG
LGTR,LINGARAJ TMP RD
SKS,SALEKASA
BQR,BHILAINAGAR
BIA,BHILAI
KNPR,KENDRAPARA ROAD
BAT,BATALA JN
DHW,DHARIWAL
GSP,GURDASPUR
DNN,DINA NAGAR
TKRI,TIKIRI
LKMR,LAXMIPUR ROAD
DMNJ,DAMANJODI
KRPU,KORAPUT
JYP,JEYPORE
KPRR,KOTAPAR ROAD
JDB,JAGDALPUR
ADTP,ADITYAPUR
BRBS,BIRBANS
SWR,SONUA
TUX,TUNIA
MXW,MAHADEVSAL
DRWN,DEROWAN P. H.
GHAA,GHAGHRA
PPO,PANPOSH
KXN,KANSHBAHAL
PNPL,PANPALI
IB,IB
SGRD,SARAGAON RD P H
BYL,BELHA
WRC,WRS COLONY P H
SAL,SALWA
MUP,MURHIPAR
URK,URKURA
DGS,DAGORI
DPH,DADHAPARA
KTSH,KOTMI SONAR P H
KPNA,KAPAN P H
KUU,KUHURI
JRA,JARAIKELA
NTV,NAUTANWA
KEA,KATRA
LIR,LACHMIPUR
VRG,VIKRAMNAGAR
TAN,TARANA ROAD
NRZB,NOWROZABAD
BIG,BELGAHNA
KGB,KARGI ROAD
GTK,GHUTKU
ISH,ISARWARA
NOI,NARIAOLI
GW,GIRWAR
ANA,ASLANA
GEA,GHATERA
SAO,SAGONI
SYA,SALAIA
BQQ,BAKHLETA
REI,RITHI
KOI,KHODRI
URGA,URGA
SRBA,SARAGBUNDIA
MWRN,MADWARANI
KTHD,KOTHARI ROAD
BPRH,BALPUR HALT
JRMG,JAIRAMNAGAR
SNL,SANAHWAL
DOA,DORAHA
CHA,CHAWAPALL
DRLA,DAURALA
CHBT,CHAKARBHATA P H
KJZ,KARONJI
CHDX,CHHADA
BUDM,BADMAL
RPRD,RUPRA ROAD
LJR,LANJIGARH ROAD
BMCK,BISSAMCUTTACK
THV,THERUBALI
SPRD,SINGAPURAM ROAD
JUJA,JUJUMURA
BAMR,BAMUR
JRPD,JARAPADA
ORGA,ORGA
PKF,POKLA
DJHR,DEOJHAR
MMVR,MURGAMAHADEV RD
BSPX,BANSPANI
JRLI,JAROLI
NYG,NAYAGARH
PRNR,PORJANPUR
GADH,GOALDIH
KDJR,KENDUJHARGARH
NANR,NARANPUR
BSTP,BASANTAPUR
STBJ,SITABINJ
NKW,NILAKANTHESWAR
HCNR,HARICHANDANPUR
CLDR,CHILIKIDARA
SGDP,SAGADAPATA
TGRL,TANGIRIAPAL
TMKA,TOMKA
BGPL,BAGHUAPAL
SKND,SUKINDA ROAD
BRST,BIRPUSHATTAMPUR
MWQ,MOTARI HALT
KPXR,KAIPADA ROAD
TAP,TAPANG
BSDP,BHUSANDPUR
GNGD,GANGADHARPUR
CLKA,CHILKA
RBA,RAMBHA
HMA,HUMMA
GAM,GANJAM
JNP,JAGANNATHPUR
GTA,GOLANTHRA
SLRD,SURLA ROAD
PUN,PUNDI
KMK,KOMAKHAN
KLG,KALUNGA
DBEC,DEVBALODA CHRDA
KMI,KUMHARI
SZB,SARONA
SRWN,SARASWATINAGAR
MNDH,MANDIR HASAUD
LAE,LAKHOLI
ANMD,ARANG MAHANADI
BLSN,BELSONDA
TRKR,TUREKALA ROAD
MRBL,MURIBAHAL
KDLR,KANDEL ROAD
DKLU,DOIKALLU
KYF,KAJRAT NAWADIH
SSIA,SUISA
TIS,TATISILWAI
HZBN,HAZARIBAGH TOWN
MHSA,MAHESHPUR
DNWR,DHANWAR
JAUA,JAMUA
NGRH,NEW GIRIDIH
JAMA,JAMA
PHK,PUNARAKH
MMKB,MEKRA MEMERKHAB
IPR,ISLAMPUR
EKR,EKANGARSARAI
HIL,HILSA
DNWH,DANIYAWAN BZR H
GJD,GUJHANDI
PRNC,PURNIA COURT
CBH,CHAUBE
PIS,PISKA
CPDR,CHHIPADOHAR
UKR,UDALKACHAR
NPRD,NAGPUR ROAD P H
CHM,CHALTHAN
USD,UKAI SONGADH
CPD,CHINCHPADA
KBH,KHANDBAARA
BDI,BHADLI
BGMR,BAGUMRA
GGAR,GANGADHARA
TBV,TIMBARVA
MGRL,MANGROLLA
KRAI,KAHET
KKRD,KIKAKUI ROAD
LKKD,LAKKADKOT
BBAI,BHADBHUNJA
KFF,KOLDA
KHTG,KHATGAON
DWD,DHEKVAD
NB,NIMBHORA
WGA,WAGHODA
SXA,SAGPHATA
DGN,DONGARGAON
BRGJ,BARGAON GUJAR
MTA,MATHELA
SGBJ,SURGAON BANJARI
CKKD,CHHARKHERA KURD
BRUD,BARUD
DRHI,DAGARHKERI
BRI,BHIRINGI
PAL,PALASNER
CRK,CHARKHERA
PGL,PAGDHAL
DKI,DHARMKUNDI
DRA,DULARIA
JHT,JUNEHTA
SAH,SAPHALE
GVD,GHOLVAD
UBR,UMBARGAM ROAD
SJN,SANJAN
BLD,BHILAD
UVD,UDVADA
PAD,PARDI
SYN,SAYAN
PAO,PANOLI
NIU,NABIPUR
ITA,ITOLA
VDA,VASAD JN
KBRV,KANJARI BORIYAV
BJD,BAREJADI
SAU,SANAND
RWO,RANAVAV
SMLA,SAMLAYA JN
SAT,SANT ROAD
PPD,PIPLOD JN
LMK,LIMKHEDA
MAM,MANGAL MAHUDI
BIO,BORDI
ANAS,ANAS
PCN,PANCH PIPILA
BOG,BHAIRONGARH
BILD,BILDI
MRN,MORWANI
BOD,BANGROD
RNH,RUNKHERA
MKX,MORAK
MLZ,MALARNA
NNW,NRYNPUR TATWAR
FSP,FATEH SINGHPURA
BXC,BARWALA
DGI,DUNGRI
HRN,HARAUNI
SNC,SNARAYAN CHAPIA
ABD,AMBLI ROAD
CVR,CHORVAD ROAD
SFW,SARANGPUR
WC,WADHWAN CITY
DL,DALADI
AXA,AMARSAR
SDD,SINDHAWADAR
KNKT,KANAKOT
PDH,PADADHARI
HM,HADMATIYA JN
JALD,JALIYA DEVANI
WTJ,JAM WANTHALI
ALB,ALIA BADA
LKBL,LAKHABAWAL
PPLI,PIPLI
KNLS,KANALAS JN
MDPR,MODPUR
BHTL,BHATEL
BPKA,BHOPALKA
BMRN,BHIMRANA
MTHP,MITHAPUR
VD,VAGDIYA
RA,RAMPARDA
MOL,MULI ROAD
DXR,DIGSAR
LTR,LAKHTAR
MWX,MALLANWALA KHAS
SQR,SULTANPUR LODI
KXH,KAPURTHALA
BPRS,BHOGPUR SIRWAL
GHGL,GHAGWAL
MRTL,MIRTHAL
UMRA,UMRA
JYM,JAI SAMAND ROAD
SES,SEMARI
RDD,RIKHABDEV ROAD
BHWA,BECHHIWARA
PRJ,PRANTIJ
TOD,TALOD
NRD,NARODA
BJG,BAJRANGARH
AGR,AMARGARH
RTI,RAOTI
BRNA,BERAWANYA
BTSD,BHATISUDA(HALT)
PPG,PIPLODA BAGLA
UNL,UNHEL
PSO,PALSORA MAKRAWA
ASL,ASLAODA
NKI,NAIKHERI
PLW,PINGLESHWAR
TJP,TAJPUR
PUO,PIR UMROD
KONY,KISONI
BLX,BOLAI
CKOD,CHAKROD
JBX,JABRI
BKTL,BAKTAL
PNWN,PACHWAN
PUD,PHANDA
BQE,BAKANIAN BHAUNR
RCJ,RANYAL JASMIYA
KRTH,KIRATGARH
MJY,MARAMJHIRI
CDS,CHANDISAR
LW,LORWADA
JSI,JASALI
DKW,DHANAKWADA
MITA,MITHA
BAH,BHABHAR
DVGM,DEVGAM
PLE,PIPLEE
VRX,VARAHI
VU,VAGHPURA
CASA,CHHANSARA
GM,GARMADI
PFL,PIPRALA
LAA,LAKHPAT
BUBR,BHUTAKIA BHIMSA
PDF,PADAMPUR
KYG,KIDIYANAGA
COE,CHITROD
SIA,SHIVLANKHA
LKZ,LAKADIYA
VONB,VONDH
CHIB,CHIRAI BG
BMSB,BHIMASAR BG
GWA,GANJ DUNDWARA
JHJ,JHAJJAR
KLE,KAITHAL
VTN,VAITARNA
KLV,KELVA ROAD
VGN,VANGAON
KEB,KARAMBELI
ATUL,ATUL
JRS,JORAVASAN
ACL,ANCHELI
VDH,VEDCHHA
URN,UTRAN
KSE,KOSAD
GTX,GOTHANGAM
VRE,VAREDIYA
KANJ,KANIL
NEP,NENPUR
RNO,RANOLI
BYR,BHAYANDAR
BAWD,BHADWAD
GNST,GANDHISMRITI
NDT,NATHDWARA
NJT,NAGER COIL TOWN
MDJN,MADAR JN
BSJ,BHUPALSAGAR
BTU,BARAUT
SMQL,SHAMLI
RPMN,RAMPUR MANIHARN
KQL,KANDHLA
SPDM,SINGHPUR DUMRA
PLSN,PALSANA
NUA,NUA
SDGM,SARDARGRAM
BDW,BANDANWARA
SURL,SURELI
NMD,NOMODA
PDZ,PILIODA
KNDP,KHANDIP
DXD,DIGOD
BLO,BHULON
MTPC,MOTIPURA CHAUKI
DHR,DHARNAODA
RSJ,RAISERJAGIR
LWS,LUKWASA
KCR,KHONKER
KAW,KHAJURI
PARH,PADARKHEDA
RENH,RENHAT
SAC,SANICHARA
GOA,GOHAD ROAD
POR,PIPALDA ROAD
RSWT,RMGRH SHEKHWATI
BSSL,BASSI BERISAL
PSLI,PARSOLI
SMPA,SHYAMPURA
KHNR,KACHNARA
HKL,HARKIA KHAL
BIWK,BISALWAS KALAN
GRF,GAMBHIRI ROAD
BNDI,BARUNDANI
URML,UPARMAL
JNRI,JALINDRI
SNAR,SRINAGAR
THEA,THALERA
LBN,LABAN
RNT,RANTHAMBHORE
MXL,MOKHOLI
LRU,LALPUR UMRI
BAMA,BIRAMBAD
BR,BANDH BARETA
NGLT,NAGLATULA
BIQ,BANSI PAHARPUR
DXK,DHANA KHERLI
AED,AULENDA
SNPR,SINGARPUR
KLB,KIRAOLI
MIQ,MIRHAKUR
PTLI,PATHAULI
RGQ,RAIGADH ROAD
LSD,LUSADIYA
SOP,SHIUPUR
SGAC,SOGARIA
RMM,RAMESWARAM
USLP,USILAMPATTI
ADPT,ANDIPATTI
TENI,TENI
BDNK,BODINAYAKKANUR
PRT,PANRUTI
SDNR,SEYDUNGANALLUR
SVV,SRIVAIKUNTAM
NZT,NAZARETH
KZB,KURUMBUR
ANY,ARUMUGANERI
KZY,KAYALPATTINAM
TCN,TIRUCHENDUR
BWIP,BHAWANIPATNA
JNRD,JUNAGARH ROAD
NGA,NINGALA JN
DAS,DHASA JN
DME,DAMNAGAR
LMO,LILIYA MOTA
SVKD,SAVARKUNDLA
RLA,RAJULA JN
MHV,MAHUVA JN
VNG,VISNAGAR
VDG,VADNAGAR
GG,GANDHIGRAM
VTP,VASTRAPUR
DOK,DHOLKA
ETP,ETTAPUR ROAD
VGE,VALAPPADI G HLT
APN,AYODHYAPATTANAM
DZKT,DURGACHAK TOWN
PIH,PARHIHARA
TLC,TALCHHAPAR
KMJ,KAIMGANJ
MONR,MOHANUR
HISE,HIRISAVE
PRDP,PARADIP
RHMA,RAHAMA
HND,HINDOL ROAD
NASP,NARASINGAPALLI
PIT,PALITANA
JLWC,JHALAWAR CITY
MLNH,MALANCHA
MADR,MADURE
VEN,VERNA
MJO,MAJORDA
SRVX,SURAVALI
BOF,BAROG
SML,SIMLA
DMP,DHARMPUR HMCHL
KMTI,KUMARHATTI
SOL,SOLAN
SLR,SALOGRA
KDZ,KANDAGHAT
SGS,SHOGHI
TVI,TARADEVI
JTO,JUTOGH
SHZ,SUMMER HILL
KEJ,KATHLEEGHAT
KANO,KANOH
TSL,TAKSAL
GMM,GUMMAN
KOTI,KOTI
SWO,SONWARA
PTP,PATAL PANI
KKD,KALKUND
SNGP,SINGHPUR
MZH,MAUHARI
DRSN,DHURWASIN P H
HRV,HARRAD
BATL,BAIHATOLA
BRND,BORIDAND
DTL,DARRITOLA
NGE,NAGAR
SPDR,SHEOPRASADNAGER
KLPG,KAMALPURGRAM
